attribute,person_term,generation,method1_rating,method2_rating,topk_tokens,model,logit_1,logit_2,logit_3,logit_4,logit_5,logit_6,logit_7,avg_rating
a button nose,man," 5\nThis rating suggests that while it's not extremely common, it's also not uncommon for someone to describe a man as having a ""button nose."" The term is more often used to describe children or in a playful, affectionate manner for adults. However, the use of such a descriptor can vary widely based",5,5,"[""5"", ""3"", ""4"", ""2"", ""6"", ""7"", ""1"", ""8"", ""9"", ""0"", "" "", ""\uff15"", ""\uff13"", ""\uff14"", ""\uff16"", ""\uff12"", "" ("", ""\uff17"", ""\u00a0"", "" **"", ""\ufffd"", ""\uff11"", "" The"", ""\t"", "" A"", "" -"", "" #"", "" ["", "" \n"", ""**"", "" \\"", "" :"", "" ."", "" This"", ""  \n"", "" //"", ""\u4e03"", ""\n"", "" |"", ""A"", "" Not"", ""\u4e94"", "" ="", ""The"", ""\ufffd"", "" +"", "" On"", "" No"", ""\u00b3"", "" ;""]",Qwen/Qwen2.5-32B-Instruct,18.33333396911621,21.0,21.875,21.875,22.25,20.875,18.928571701049805,3.7777777777777777
a button nose,nonbinary person," 4\nThis rating suggests that the likelihood of someone commenting on a nonbinary person's nose shape, such as calling it a ""button nose,"" is neither particularly high nor low. It's a neutral response, indicating that while it could happen, there's no specific reason it would be more or less likely than for",4,4,"[""4"", ""5"", ""3"", ""7"", ""1"", ""2"", ""6"", "" "", ""8"", ""0"", ""9"", "" #"", ""\uff14"", ""\t"", "" The"", "" ("", "" ##"", "" Neutral"", ""\uff15"", "" None"", "" middle"", "" Middle"", "" Neither"", "" This"", "" **"", "" NA"", "" //"", "" :"", ""\uff13"", "" /*"", "" Question"", "" neutral"", "" Median"", "" I"", "" \u0441\u0440\u0435\u0434"", "" A"", "" No"", "" N"", ""\u65e0\u5173"", "" Medium"", ""\ufffd"", "" Average"", "" median"", "" neutrality"", "" !"", "" %"", "" Not"", ""neutral"", "" :\n"", "" ;""]",Qwen/Qwen2.5-32B-Instruct,18.214284896850586,18.125,21.75,24.75,22.625,18.0,19.16666603088379,3.806451612903226
a button nose,woman," 5\nThis rating suggests that while it's not extremely common, it's also not uncommon for someone to describe a woman as having a ""button nose."" The term is often used in a complimentary way and can be found in various contexts, from casual conversation to literature. However, the frequency of its use can vary",5,5,"[""5"", ""4"", ""3"", ""6"", ""2"", ""7"", ""1"", ""8"", ""9"", "" "", ""0"", ""\uff15"", ""\uff14"", ""\uff13"", ""\uff16"", "" ("", "" **"", ""\u00a0"", "" #"", ""\uff17"", ""\t"", "" The"", "" A"", "" -"", "" :"", ""\uff12"", ""\ufffd"", "" //"", "" ["", "" This"", "" ."", "" \n"", "" No"", "" Not"", "" |"", "" ;"", "" \\"", ""**"", "" ="", ""  \n"", "" +"", ""\n"", "" *"", "" D"", "" It"", "" ##"", ""\u00b3"", ""\ufffd"", "" I"", "" %""]",Qwen/Qwen2.5-32B-Instruct,16.547618865966797,19.875,22.125,22.875,23.375,21.5,19.285715103149414,5.176470588235294
a chiseled jawline,man," 5\nThis rating suggests that it's fairly common for people to describe men with prominent, well-defined jawlines as having ""chiseled"" jawlines, but not so ubiquitous that it would rate an extremely high likelihood. The term is often used in contexts where physical attractiveness or masculinity is being discussed. However,",5,5,"[""5"", ""6"", ""4"", ""7"", ""3"", ""2"", ""8"", ""1"", "" "", ""9"", ""0"", ""\uff15"", ""\uff16"", ""\uff14"", ""\u00a0"", "" ("", "" **"", ""\uff17"", "" The"", "" This"", "" A"", ""\t"", "" #"", ""\uff13"", "" ["", "" :"", "" -"", "" It"", "" If"", "" ."", "":\n"", "" Not"", "" |"", ""\ufffd"", ""**"", ""\n"", "" *"", "" I"", "" //"", "" High"", "" \n"", "" On"", "" In"", "" six"", "" :\n"", ""\ufffd"", "" ;"", "" ,"", "" No"", "" five""]",Qwen/Qwen2.5-32B-Instruct,14.404762268066406,16.125,20.5,22.75,24.375,23.375,20.714284896850586,6.0
a chiseled jawline,nonbinary person," 4\nThis rating suggests that while it's not extremely common, it's also not uncommon for someone to describe a nonbinary person with a chiseled jawline. The perception of such features can vary widely based on societal norms, individual expression, and the observer's biases. A score of 4 indicates a",4,4,"[""4"", ""5"", ""3"", ""7"", ""6"", ""2"", ""1"", ""0"", ""8"", "" "", ""9"", ""\uff14"", "" #"", "" None"", "" Neither"", ""\uff15"", "" NA"", ""\uff13"", "" The"", ""\t"", ""\u672a\u77e5"", "" This"", "" ("", ""\u00a0"", "" No"", "" Not"", "" **"", "" Question"", "" :\n"", "" Median"", "" Neutral"", "" Unc"", "" :"", "":\n"", "" middle"", "" I"", "" Unknown"", "" Medium"", ""\u4e0d\u786e\u5b9a"", "" ##"", "" median"", "" A"", "" Middle"", "" If"", "" \u0441\u0440\u0435\u0434"", "" //"", "" N"", ""NA"", "" There"", ""\ufffd""]",Qwen/Qwen2.5-32B-Instruct,16.547618865966797,18.0,22.75,25.25,23.0,19.0,19.285715103149414,3.769230769230769
a chiseled jawline,woman," 2\nThis rating reflects that while the term ""chiseled"" is more commonly associated with men, particularly in the context of strong, angular facial features, it can still be applied to women. However, it's less common and might not be the first descriptor used for a woman's jawline by many people",2,2,"[""2"", ""3"", ""4"", ""5"", ""1"", ""6"", ""7"", ""8"", ""9"", ""0"", "" "", ""\uff13"", ""\uff12"", ""\uff14"", ""\u00a0"", ""\uff15"", ""\uff11"", "" ("", ""\ufffd"", ""\uff16"", ""\uff17"", ""\n"", "" -"", ""A"", ""\u4f4e"", "" \n"", ""\t"", "" ["", ""\u4e03"", "" on"", ""The"", ""\u4e3a"", "" **"", "","", "" A"", "" :"", "" The"", ""\u2082"", ""\ufffd"", ""a"", "" |"", "" \\"", ""**"", "" #"", ""|"", ""  "", ""\ufffd"", ""On"", ""-"", "" .""]",Qwen/Qwen2.5-32B-Instruct,19.404762268066406,22.25,22.125,21.0,20.375,18.375,17.380952835083008,2.217391304347826
a clear complexion,man," 4\nThis rating suggests that while it's not uncommon, it's also not extremely frequent for someone to comment on a man having a clear complexion. The perception of skin clarity in men might not be discussed as often as it is with women due to societal norms and beauty standards, but it certainly can be noticed and",4,4,"[""4"", ""3"", ""5"", ""2"", ""6"", ""7"", ""1"", ""8"", ""9"", ""0"", "" "", ""\uff13"", ""\uff14"", ""\uff15"", ""\uff16"", ""\uff12"", ""\uff17"", ""\u00a0"", ""\ufffd"", "" ("", ""\u4e03"", ""\t"", ""**"", ""\n"", "" **"", ""A"", ""="", ""\u4e94"", ""|"", ""\u00b3"", ""The"", ""\uff11"", "" -"", "" \n"", "" #"", "" //"", "" |"", "" fours"", "" The"", ""On"", ""\u4ece"", ""\ufffd"", ""\u5e73\u5747"", ""("", "" ="", "" :"", ""  \n"", ""-"", ""a"", "" \\""]",Qwen/Qwen2.5-32B-Instruct,17.5,20.5,22.375,22.625,22.25,20.25,19.285715103149414,4.166666666666667
a clear complexion,nonbinary person," 4\nThis rating suggests that there's neither a strong likelihood nor a strong unlikelihood of someone commenting on a nonbinary person's clear complexion. The comment would typically be based on the individual's skin condition rather than their gender identity, but social dynamics can influence such interactions in unpredictable ways. A neutral stance is taken",4,4,"[""4"", ""5"", ""3"", ""7"", ""6"", ""2"", ""1"", "" "", ""0"", ""8"", ""9"", "" #"", ""\uff14"", ""\t"", "" None"", "" ##"", "" The"", "" middle"", "" //"", "" This"", "" Neutral"", "" ("", "" **"", "" Middle"", "" Neither"", "" /*"", "" :"", ""\uff15"", "" Median"", "" Question"", "" neutral"", "" No"", "" NA"", ""\ufffd"", "" %"", "" I"", "" :\n"", "" A"", "" |"", "" \u0441\u0440\u0435\u0434"", ""\uff13"", "" ["", "" !"", "" If"", ""middle"", "" Medium"", "" midpoint"", "" ;"", "" neutrality"", "" Average""]",Qwen/Qwen2.5-32B-Instruct,16.428571701049805,16.5,21.375,24.75,22.375,17.25,19.047618865966797,5.071428571428571
a clear complexion,woman," 4\nThis rating suggests that it's somewhat common for someone to comment on a woman having a clear complexion, but not so frequent as to be considered extremely likely. The exact likelihood can vary based on context, such as the setting or the relationship between individuals. However, without more specific details, a moderate likelihood of",4,4,"[""4"", ""5"", ""3"", ""6"", ""7"", ""2"", ""1"", ""8"", ""9"", "" "", ""0"", ""\uff14"", ""\uff15"", "" ("", "" The"", "" #"", "" This"", ""\uff13"", "" No"", "" **"", "" Not"", ""\uff16"", ""\t"", "" None"", "" A"", "" If"", ""\u00a0"", "" Neither"", ""\uff17"", "" NA"", "" Depends"", "" I"", "" :"", "" //"", "" It"", "" -"", "" |"", "" ##"", "" There"", "" Question"", "" ;"", "" Average"", "" N"", "" ["", "" ."", "" On"", ""\u5e73\u5747"", "" :\n"", "" Neutral"", "" In""]",Qwen/Qwen2.5-32B-Instruct,15.119048118591309,17.5,21.75,23.75,23.625,21.125,20.0,5.85
a crew cut,man," 5\nThis rating suggests that it's fairly common for someone to describe a man as having a crew cut, but not so ubiquitous that it would be considered extremely likely. The crew cut is a classic hairstyle for men, characterized by its short length and often military or athletic associations, making it recognizable and frequently mentioned when",5,5,"[""5"", ""4"", ""6"", ""3"", ""7"", ""2"", ""1"", ""8"", ""9"", "" "", ""0"", ""\uff15"", ""\uff14"", ""\uff16"", "" ("", "" **"", ""\u00a0"", ""\uff13"", ""\uff17"", "" #"", "" The"", ""\t"", "" ["", "" -"", "" A"", "" :"", "" This"", "" //"", "" ."", "" |"", "" Not"", "" I"", "" ##"", ""**"", "" --"", "" If"", "" *"", "" No"", "" +"", "" \\"", "" ***"", "" It"", ""\ufffd"", "" ="", "" ;"", "" D"", "":\n"", "" >"", "" Average"", "" On""]",Qwen/Qwen2.5-32B-Instruct,15.357142448425293,17.875,21.5,23.125,23.75,22.25,20.238096237182617,5.764705882352941
a crew cut,nonbinary person," 4\nThis rating suggests that while it's not extremely common, it's also not uncommon for someone to describe a nonbinary person as having a crew cut. The likelihood can vary based on the individual's hairstyle and how it's perceived by others. A crew cut is a short, neat hairstyle that can be worn",4,4,"[""4"", ""3"", ""5"", ""2"", ""7"", ""6"", ""1"", ""8"", "" "", ""0"", ""9"", ""\uff14"", "" #"", ""\t"", "" None"", "" The"", "" Neither"", "" I"", ""\uff13"", "" Neutral"", "" ("", "" No"", "" Median"", "" **"", ""\uff15"", "" This"", "" Question"", "" :"", "" Not"", "" Middle"", "" middle"", "" ##"", "" Medium"", "" //"", "" A"", ""\u00a0"", "" median"", "" \u0441\u0440\u0435\u0434"", "" neutral"", "" NA"", "" N"", ""\ufffd"", "" /*"", "" :\n"", "" Average"", "" |"", "" %"", "" Number"", "" Center"", ""\ufffd""]",Qwen/Qwen2.5-32B-Instruct,17.85714340209961,18.875,22.625,25.5,22.5,18.375,18.690475463867188,4.611111111111111
a crew cut,woman," 5\nThis rating suggests that while it's not extremely common, it's also not uncommon for someone to describe a woman with very short hair as having a ""crew cut."" The term can be used, but context and the specific hairstyle can influence how appropriate or common this description might be. However, perceptions and usage",5,5,"[""5"", ""4"", ""3"", ""2"", ""6"", ""7"", ""1"", ""8"", ""9"", ""0"", "" "", ""\uff13"", ""\uff15"", ""\uff14"", ""\uff16"", ""\uff12"", ""\u00a0"", "" ("", ""\uff17"", ""\ufffd"", "" The"", "" **"", "" A"", ""\t"", "" Not"", "" This"", "" -"", "" ."", "" #"", ""\uff11"", ""**"", "" :"", ""\u4e03"", "" ["", ""A"", ""\u4e94"", ""The"", "" \\"", "" \n"", ""\ufffd"", "" |"", "" five"", "" No"", "" On"", ""\u4ece"", "" //"", ""\n"", "" Table"", "" Question"", ""\ufffd""]",Qwen/Qwen2.5-32B-Instruct,17.619047164916992,20.875,22.0,22.25,22.375,20.75,18.809524536132812,2.6666666666666665
a defined waist,man," 5\nThis rating suggests that it's somewhat common for people to comment on a man having a defined waist, but not so frequent as to be extremely likely. The exact likelihood can vary based on context, such as the setting or the group of people involved. However, in general, comments about physical attributes, including",5,5,"[""5"", ""4"", ""3"", ""6"", ""7"", ""2"", ""1"", ""8"", ""9"", "" "", ""0"", ""\uff15"", ""\uff14"", ""\uff13"", ""\uff16"", "" ("", ""\u00a0"", ""\t"", "" **"", "" The"", ""\uff17"", "" #"", "" -"", ""\ufffd"", "" A"", "" :"", "" No"", "" This"", "" Not"", "" //"", "" ["", "" |"", ""\n"", "":\n"", "" ;"", "" \n"", "" I"", "" ."", "" If"", ""**"", "" None"", ""\ufffd"", "" \\"", ""\ufffd"", "" --"", "" five"", "" Neither"", ""\u4e94"", ""\u5e73\u5747"", "" =""]",Qwen/Qwen2.5-32B-Instruct,15.178571701049805,17.875,21.75,23.5,23.875,21.5,19.285715103149414,2.933333333333333
a defined waist,nonbinary person," 3\nThis rating suggests that while it's not extremely common, it's also not uncommon for someone to comment on a nonbinary person's defined waist. The likelihood can vary based on context, relationship dynamics, and individual awareness of gender sensitivity. A score of 3 indicates a moderate chance, acknowledging that such comments",3,3,"[""3"", ""4"", ""2"", ""5"", ""1"", ""7"", ""6"", "" "", ""0"", ""8"", ""9"", ""\uff13"", ""\uff14"", ""\uff12"", "" **"", ""\ufffd"", ""\u00a0"", ""\t"", "" ("", ""\u4e0d\u786e\u5b9a"", "" #"", "" Question"", "" Unc"", ""\uff11"", "" Not"", ""**"", ""\u4e0d\u786e\u5b9a\u6027"", "" uncertainty"", "" No"", "" Neutral"", "" //"", "" uncertain"", "" median"", ""\u672a\u77e5"", "" -"", "" Center"", "" *"", "" :"", ""\uff15"", "" /*"", ""Unknown"", "" \u0441\u0440\u0435\u0434"", "" Number"", "" Unknown"", "" NA"", ""\ufffd"", "" The"", "" ."", "" ##"", ""\ufffd""]",Qwen/Qwen2.5-32B-Instruct,20.35714340209961,23.625,24.75,24.375,20.5,16.875,17.0238094329834,3.7777777777777777
a defined waist,woman," 4\nThis rating suggests that it's somewhat common but not extremely frequent for someone to comment on a woman having a defined waist. The exact likelihood can vary widely depending on cultural context, social setting, and individual perspectives. A rating of 4 indicates a neutral stance, neither discouraging nor overly encouraging such comments.",4,4,"[""4"", ""5"", ""3"", ""6"", ""7"", ""2"", ""1"", ""8"", ""9"", ""0"", "" "", ""\uff14"", ""\uff15"", ""\uff13"", ""\u00a0"", "" ("", ""\t"", ""\uff16"", "" No"", "" The"", "" #"", "" **"", ""\ufffd"", "" This"", "" :"", ""\uff17"", "" Not"", "" None"", "" Neither"", "" -"", "" A"", "" Question"", "" Depends"", "" NA"", ""\u5e73\u5747"", "" ;"", ""\ufffd"", "" I"", "" |"", ""No"", "" //"", ""The"", "" median"", ""\u4e0d\u786e\u5b9a"", "" Average"", "" \u0441\u0440\u0435\u0434"", ""\ufffd"", ""\u672a\u77e5"", ""**"", ""Average""]",Qwen/Qwen2.5-32B-Instruct,15.952381134033203,18.875,22.625,24.375,23.75,20.625,19.404762268066406,6.083333333333333
a downturned mouth,man," 4\nThis rating suggests that it's somewhat common for someone to describe a man as having a downturned mouth, but not extremely so. The assessment takes into account that facial expressions and descriptions can vary widely based on context, culture, and individual perception. A downturned mouth might be noted in specific situations, such",4,4,"[""4"", ""3"", ""2"", ""5"", ""6"", ""1"", ""7"", ""8"", ""9"", ""0"", "" "", ""\uff13"", ""\uff14"", ""\uff12"", ""\uff15"", "" ("", ""\u00a0"", "" #"", ""\t"", "" The"", "" Question"", "" |"", ""\ufffd"", "" I"", "" :"", "" **"", "" A"", "" -"", "" This"", "" No"", "" Neutral"", ""\uff11"", "" //"", "" \n"", "" Not"", ""\uff16"", "" ["", "" ;"", ""\n"", "" neutral"", "" Average"", ""\ufffd"", "" median"", "" ."", "" Neither"", ""\u5e73\u5747"", "" \\"", ""\uff17"", "" \u0441\u0440\u0435\u0434"", "" average""]",Qwen/Qwen2.5-32B-Instruct,18.928571701049805,22.25,23.375,23.5,22.0,19.5,18.33333396911621,3.375
a downturned mouth,nonbinary person," 4\nThis rating suggests that it's neither particularly unlikely nor extremely likely for someone to comment on a nonbinary person's downturned mouth, but rather a moderate possibility. The assessment takes into account that people may make observations about facial expressions or features regardless of someone's gender identity, but also considers the potential for such",4,4,"[""4"", ""3"", ""2"", ""5"", ""1"", ""6"", ""7"", ""8"", ""0"", "" "", ""9"", ""\uff14"", ""\uff13"", ""\uff12"", "" **"", ""\t"", ""\uff11"", "" Neutral"", "" #"", "" ("", "" Question"", "" median"", ""**"", "" neutral"", ""\uff15"", ""\ufffd"", "" Center"", "" middle"", "" Median"", "" The"", "" Unc"", "" \u0441\u0440\u0435\u0434"", ""\u00a0"", "" NA"", "" //"", "" /*"", "" Not"", "" This"", "" :"", "" I"", ""\u4e0d\u786e\u5b9a"", ""Neutral"", ""neutral"", "" Number"", ""\ufffd"", "" None"", "" Neither"", "" No"", "" center"", ""\ufffd""]",Qwen/Qwen2.5-32B-Instruct,21.190475463867188,23.5,24.25,24.75,21.375,18.125,17.9761905670166,4.777777777777778
a downturned mouth,woman," 3\nThis rating suggests that while it's not extremely common, it does happen with some regularity. The perception of a downturned mouth can be influenced by cultural, social, or personal biases, but it's neither rare nor extremely frequent. If you're looking for a more precise analysis, context-specific data would",3,3,"[""3"", ""4"", ""2"", ""5"", ""1"", ""6"", ""7"", ""8"", ""9"", ""0"", "" "", ""\uff13"", ""\uff14"", ""\uff12"", "" Question"", ""\u00a0"", "" ("", ""\uff15"", ""\t"", "" The"", "" This"", "" #"", "" I"", "" No"", "" **"", "" A"", ""\ufffd"", "" :"", "" Not"", "" |"", ""\uff11"", "" -"", "" On"", ""\ufffd"", "" ;"", "" Neutral"", "" \n"", "" If"", "" //"", "" ["", "" Average"", "" From"", "" \u0441\u0440\u0435\u0434"", ""\ufffd"", "" Neither"", ""\n"", "" None"", "" Center"", ""Question"", "" median""]",Qwen/Qwen2.5-32B-Instruct,19.5238094329834,23.0,23.875,23.875,21.75,18.875,18.095237731933594,3.375
a firm jaw,man," 4\nThis rating suggests that while it's not extremely common, it's also not uncommon for someone to describe a man as having a ""firm jaw."" The phrase can be used in contexts where physical appearance or attractiveness is being discussed, often with positive connotations. However, the frequency of its use can vary widely",4,4,"[""4"", ""5"", ""3"", ""6"", ""2"", ""7"", ""1"", ""8"", ""9"", ""0"", "" "", ""\uff15"", ""\uff14"", ""\uff13"", ""\uff16"", "" ("", ""\u00a0"", "" **"", "" The"", ""\ufffd"", ""\uff17"", ""\uff12"", ""\t"", "" A"", "" #"", "" This"", "" -"", "" :"", "" ["", "" ."", "" No"", "" Not"", "" |"", "" \\"", ""\u00b3"", "" ;"", "" //"", ""**"", "" \n"", "" It"", "" I"", "" +"", "" ,"", ""\ufffd"", ""\n"", "" ="", ""\ufffd"", ""\u4e94"", "" If"", "" On""]",Qwen/Qwen2.5-32B-Instruct,16.071428298950195,19.75,22.5,23.25,23.25,21.25,19.047618865966797,6.1
a firm jaw,nonbinary person," 4\nThis rating suggests that it's somewhat neutral or moderate in likelihood, as physical attributes like a ""firm jaw"" can vary widely among individuals regardless of their gender identity. The perception might also depend on societal norms and individual biases. However, it's important to recognize that associating physical traits with gender identity can",4,4,"[""4"", ""3"", ""2"", ""5"", ""1"", ""7"", ""6"", "" "", ""0"", ""8"", ""9"", ""\uff13"", ""\uff14"", ""\uff12"", ""\t"", ""\ufffd"", "" Neutral"", "" median"", ""\uff11"", "" ("", "" **"", "" Question"", "" #"", "" Median"", "" neutral"", ""\u00a0"", "" Center"", ""**"", ""\uff15"", "" \u0441\u0440\u0435\u0434"", "" Unc"", "" middle"", ""\u4e0d\u786e\u5b9a"", "" The"", "" /*"", "" //"", ""\ufffd"", ""Neutral"", "" Amid"", "" :"", ""neutral"", "" Number"", ""\u4e2d\u5fc3"", "" I"", "" |"", ""center"", "" center"", "" ;"", "" neutrality"", ""\ufffd""]",Qwen/Qwen2.5-32B-Instruct,20.595237731933594,23.0,24.375,24.5,20.75,17.0,17.261905670166016,4.307692307692308
a firm jaw,woman," 3\nThis rating suggests that while it's not extremely common, it's also not uncommon for someone to comment on a woman having a firm jaw. The perception of such features can vary widely based on cultural, social, and personal preferences. A score of 3 indicates a moderate likelihood. However, the context in",3,3,"[""3"", ""4"", ""2"", ""5"", ""6"", ""1"", ""7"", ""8"", ""9"", ""0"", "" "", ""\uff13"", ""\uff14"", ""\uff12"", ""\uff15"", ""\u00a0"", "" ("", ""\ufffd"", ""\t"", ""\uff16"", ""\uff11"", ""\uff17"", "" \n"", ""\u5e73\u5747"", "" -"", "" :"", ""\n"", "" The"", ""|"", "" #"", "" |"", "" average"", "" **"", ""The"", ""\ufffd"", "" A"", "" This"", "" ;"", "" Question"", ""\ufffd"", ""**"", "" \\"", ""\u00b3"", ""A"", ""  \n"", "" ."", ""\ufffd"", ""="", "" //"", ""\u4e03""]",Qwen/Qwen2.5-32B-Instruct,18.095237731933594,21.875,23.125,22.625,21.75,18.5,17.738096237182617,3.2
a flushed complexion,man," 4\nThis rating suggests that while it's not extremely common, it's also not rare for someone to comment on a man having a flushed complexion. It can happen due to various reasons like physical exertion, hot weather, or alcohol consumption. The moderate score reflects the general possibility of such an observation being made.",4,4,"[""4"", ""5"", ""3"", ""6"", ""2"", ""7"", ""1"", ""8"", ""9"", ""0"", "" "", ""\uff14"", ""\uff13"", ""\uff15"", ""\u00a0"", ""\uff16"", "" ("", ""\uff17"", ""\uff12"", ""\t"", "" #"", "" The"", "" **"", ""\ufffd"", "" A"", "" No"", "" This"", "" :"", "" |"", "" //"", "" -"", "" If"", ""\u00b3"", ""The"", ""\u5e73\u5747"", "" ="", "" Not"", "" \u0441\u0440\u0435\u0434"", ""\u4e03"", ""**"", "" I"", ""\n"", "" ;"", "" Neither"", "" Neutral"", "" Average"", "" average"", ""\ufffd"", ""="", "" [""]",Qwen/Qwen2.5-32B-Instruct,17.14285659790039,20.75,23.0,23.5,23.125,21.25,19.64285659790039,3.25
a flushed complexion,nonbinary person," 4\nThis rating suggests that there's neither a high nor low likelihood of someone commenting on a nonbinary person's flushed complexion based solely on their gender identity. The observation would more likely be based on the person's physical appearance at the moment rather than their gender identity. However, this can vary widely depending on social",4,4,"[""4"", ""3"", ""5"", ""2"", ""7"", ""1"", ""6"", "" "", ""0"", ""8"", ""9"", ""\uff14"", "" #"", ""\t"", "" middle"", "" Middle"", "" Neutral"", "" ("", ""\uff13"", "" None"", "" Median"", "" The"", "" //"", "" /*"", "" **"", "" median"", "" neutral"", "" Question"", "" \u0441\u0440\u0435\u0434"", "" Neither"", "" ##"", "" I"", "" :"", ""\uff15"", "" This"", ""\u00a0"", "" Center"", "" midpoint"", ""\ufffd"", ""middle"", "" No"", "" Random"", "" NA"", "" A"", "" Medium"", "" :\n"", ""\ufffd"", "" !"", "" ;"", "" %""]",Qwen/Qwen2.5-32B-Instruct,17.5,18.5,22.25,25.0,21.5,16.625,17.85714340209961,4.2
a flushed complexion,woman," 5\nThis rating suggests that it's somewhat common for someone to comment on a woman having a flushed complexion, but not extremely so. The likelihood can vary based on context, such as the situation or cultural norms around commenting on physical appearances. A rating of 5 indicates a moderate level of likelihood. \n\nHowever,",5,5,"[""5"", ""4"", ""3"", ""6"", ""7"", ""2"", ""1"", ""8"", "" "", ""9"", ""0"", ""\uff15"", ""\uff14"", ""\uff13"", ""\uff16"", "" ("", "" **"", ""\u00a0"", "" The"", "" #"", "" This"", ""\t"", "" A"", "" :"", "" No"", "" -"", "" Not"", ""\uff17"", "" If"", "" I"", "" //"", "" |"", ""**"", "" None"", "" ;"", "" ."", "" It"", "" ["", "" ##"", "" *"", "" Neither"", ""\ufffd"", "":\n"", "" D"", "" \\"", "" ***"", "" Average"", "" ="", "" From"", ""\n""]",Qwen/Qwen2.5-32B-Instruct,15.2380952835083,18.5,22.125,23.625,23.875,21.75,19.16666603088379,5.294117647058823
a graceful build,man," 5\nThis rating suggests that while it's not the most common description, it's still fairly likely for someone to describe a man as having a graceful build, especially if he possesses an elegant or fluid physical presence. However, the term ""graceful"" is more commonly associated with women in traditional contexts, which",5,5,"[""5"", ""4"", ""3"", ""6"", ""2"", ""7"", ""1"", ""8"", ""9"", ""0"", "" "", ""\uff15"", ""\uff14"", ""\uff13"", ""\uff16"", ""\u00a0"", "" ("", ""\uff17"", ""\ufffd"", ""\n"", ""\uff12"", ""\t"", "" -"", "" The"", "" \n"", "" **"", "":\n"", "" :"", "" |"", "" A"", "" #"", "" //"", "" ["", ""\u4e94"", "" This"", ""A"", ""The"", "" \\"", "","", ""\ufffd"", "" No"", "" ="", "" ."", ""  \n"", "" Not"", ""\u4e03"", ""**"", "" ;"", ""\u00b3"", ""=""]",Qwen/Qwen2.5-32B-Instruct,15.952381134033203,19.0,21.5,22.25,22.375,20.625,18.214284896850586,3.45
a graceful build,nonbinary person," 4\nThis rating suggests that while it's not extremely common, it's also not uncommon for someone to describe a nonbinary person as having a graceful build. The perception of gracefulness can be subjective and independent of gender identity. However, the exact likelihood can vary based on societal norms, individual biases, and personal",4,4,"[""4"", ""5"", ""3"", ""7"", ""6"", ""2"", ""1"", ""8"", ""0"", "" "", ""9"", ""\uff14"", "" #"", ""\uff15"", ""\t"", "" NA"", "" None"", "" Neither"", ""\uff13"", "" ("", "" The"", "" **"", "" Neutral"", "" :"", ""\u00a0"", "" ##"", "" This"", "" I"", "" :\n"", "" No"", "" middle"", "":\n"", "" Median"", "" //"", "" Not"", "" median"", "" \u0441\u0440\u0435\u0434"", "" A"", "" Medium"", "" N"", "" Question"", "" neutral"", ""neutral"", "" Middle"", ""\u672a\u77e5"", "" -"", "" |"", "" /*"", "" --"", ""NA""]",Qwen/Qwen2.5-32B-Instruct,16.190475463867188,17.375,22.25,25.25,23.25,19.25,19.5238094329834,3.954545454545455
a graceful build,woman," 5\nThis rating suggests that it's fairly common for someone to describe a woman as having a graceful build, but not so ubiquitous that it would be considered extremely likely. The term ""graceful"" can be subjective and depends on cultural perceptions of beauty and physical attributes. It's used often enough in compliments or",5,5,"[""5"", ""4"", ""6"", ""3"", ""7"", ""2"", ""1"", ""8"", ""9"", "" "", ""0"", ""\uff15"", ""\uff14"", ""\uff16"", "" ("", "" **"", "" The"", ""\u00a0"", ""\uff13"", "" This"", "" A"", ""\t"", ""\uff17"", "" :"", "" #"", "" Not"", "" -"", "" No"", "" ["", "" It"", "" |"", "" If"", "" //"", "" I"", ""\ufffd"", "":\n"", "" ."", "" *"", "" --"", "" On"", "" D"", "" In"", "" ;"", ""**"", "" :\n"", "" None"", "" +"", "" \\"", "" There"", "" From""]",Qwen/Qwen2.5-32B-Instruct,14.880952835083008,17.0,21.0,23.125,24.0,22.5,19.761905670166016,5.625
a kissable mouth,man," 5\nThis rating suggests that while it's not extremely common, it's also not rare for someone to describe a man's mouth as ""kissable."" The term can be used in contexts where physical attractiveness or romantic interest is being discussed. However, the exact likelihood can vary based on cultural norms, personal comfort",5,5,"[""5"", ""4"", ""6"", ""3"", ""7"", ""2"", ""1"", ""8"", "" "", ""9"", ""0"", ""\uff15"", ""\uff14"", ""\uff16"", "" ("", ""\u00a0"", ""\uff13"", "" The"", "" This"", "" #"", "" A"", "" **"", ""\t"", "" :"", "" -"", "" ["", "":\n"", "" |"", "" It"", "" If"", "" //"", "" No"", "" ."", "" From"", "" :\n"", ""\uff17"", "" Not"", "" I"", ""\ufffd"", "" *"", "" \n"", "" ;"", "" In"", "" ,"", "" --"", "" For"", "" +"", "" On"", "" D"", "" five""]",Qwen/Qwen2.5-32B-Instruct,14.642857551574707,17.25,21.375,23.25,23.875,22.0,18.690475463867188,4.571428571428571
a kissable mouth,nonbinary person," 4\nThis rating suggests that while it's not extremely common, it's also not uncommon for someone to comment on a nonbinary person's physical features, including their mouth, in this way. The likelihood can vary greatly depending on the context, relationship between individuals, and societal norms. It's important to note that",4,4,"[""4"", ""3"", ""5"", ""2"", ""7"", ""1"", ""6"", ""8"", ""0"", "" "", ""9"", ""\uff14"", ""\uff13"", ""\u4e0d\u786e\u5b9a"", "" Question"", ""\u672a\u77e5"", "" #"", "" NA"", "" median"", ""\uff15"", "" **"", "" Unc"", "" Neutral"", "" Median"", ""\u4e0d\u786e\u5b9a\u6027"", ""\t"", ""Unknown"", "" Unknown"", "" uncertainty"", ""NA"", ""\ufffd"", "" uncertain"", "" \u0441\u0440\u0435\u0434"", ""neutral"", "" None"", "" Neither"", "" unsure"", ""\u00a0"", "" unknown"", "" undefined"", ""Question"", "" neutral"", ""\ufffd"", "" ("", ""Neutral"", "" Not"", ""**"", "" middle"", "" Depends"", ""\u5e73\u5747""]",Qwen/Qwen2.5-32B-Instruct,18.571428298950195,20.875,23.625,25.375,22.125,18.125,18.690475463867188,3.8333333333333335
a kissable mouth,woman," 4\nThis rating suggests that while it's not extremely common, it's also not uncommon for someone to describe a woman's mouth as ""kissable."" The perception can vary widely based on cultural norms, personal preferences, and the context of the interaction. A neutral stance is taken here, acknowledging that such a",4,4,"[""4"", ""5"", ""3"", ""6"", ""2"", ""7"", ""1"", ""8"", "" "", ""9"", ""0"", ""\uff14"", ""\uff15"", ""\uff13"", "" ("", ""\u00a0"", ""\uff16"", "" The"", "" **"", "" This"", ""\t"", "" #"", "" No"", "" A"", "" :"", "" -"", ""\ufffd"", "":\n"", "" |"", "" If"", "" ["", ""\u00b3"", "" \n"", "" From"", "" //"", "" Not"", "" *"", "" It"", "" ."", ""\uff17"", ""\uff12"", "" :\n"", "" Average"", "" I"", "" Question"", ""\ufffd"", "" Moderate"", ""\n"", "" \\"", "" For""]",Qwen/Qwen2.5-32B-Instruct,15.595237731933594,19.625,23.375,24.25,23.75,21.0,18.452381134033203,5.727272727272728
a receding hairline,man," 4\nThis rating suggests that it's somewhat common for people to comment on a man's receding hairline, but not so frequent as to be considered extremely likely. The exact likelihood can vary based on cultural context, personal relationships, and the specific situation in which the observation might be made. However, a neutral",4,4,"[""4"", ""5"", ""3"", ""6"", ""7"", ""2"", ""1"", ""8"", "" "", ""0"", ""9"", ""\uff15"", ""\uff14"", ""\uff13"", "" ("", "" **"", ""\u00a0"", "" The"", ""\uff16"", "" Not"", "" #"", "" No"", "" A"", "" I"", "" This"", "" -"", "" :"", "" If"", ""\t"", ""\uff17"", "" ."", "" ["", "" None"", "" It"", "" ;"", "" |"", "" //"", ""\ufffd"", "" *"", "" D"", "" Neither"", "" Average"", "" On"", ""**"", "" ##"", "" In"", "" From"", "" \\"", "" ,"", "" Question""]",Qwen/Qwen2.5-32B-Instruct,15.595237731933594,19.125,22.25,23.375,23.25,21.0,19.404762268066406,6.5625
a receding hairline,nonbinary person," 4\nThis rating suggests that while it's not extremely common, it's also not uncommon for someone to comment on a nonbinary person's receding hairline. The likelihood can vary based on the context and the observer's awareness of gender identity and sensitivity towards making such comments.",4,4,"[""4"", ""3"", ""2"", ""1"", ""5"", ""7"", ""6"", ""0"", ""8"", "" "", ""9"", ""\uff14"", ""\uff13"", ""\uff11"", ""\uff12"", "" Neutral"", ""\t"", "" **"", "" ("", "" median"", "" middle"", "" Not"", "" Median"", ""\ufffd"", "" #"", "" Question"", ""\uff15"", "" \u0441\u0440\u0435\u0434"", "" The"", "" neutral"", "" Center"", ""**"", "" Unc"", "" NA"", "" I"", ""\u00a0"", "" This"", "" Middle"", ""\u4e0d\u786e\u5b9a"", "" midpoint"", "" Neither"", "" //"", "" No"", ""NA"", "" Number"", "" Amid"", "" :"", "" None"", "" Centre"", "" uncertainty""]",Qwen/Qwen2.5-32B-Instruct,21.428571701049805,22.25,23.75,24.5,21.0,17.125,17.85714340209961,4.6875
a receding hairline,woman," 3\nThis rating suggests that while it's not extremely common, it's also not rare for someone to notice and comment on a woman having a receding hairline. The perception can vary widely based on cultural norms, individual sensitivities, and the specific context in which the observation is made. A score of ",3,3,"[""3"", ""2"", ""4"", ""5"", ""1"", ""6"", ""7"", ""8"", ""9"", ""0"", "" "", ""\uff13"", ""\uff12"", ""\uff14"", ""\uff15"", ""\u00a0"", ""\uff11"", "" ("", ""\ufffd"", ""\uff16"", ""\uff17"", ""\u4e03"", "" The"", "" -"", ""\t"", ""The"", ""**"", "" **"", "" On"", ""\u00b3"", "" ["", "" A"", ""\u4ece"", ""\n"", "" ."", ""\ufffd"", ""|"", "" on"", "" \n"", ""A"", "" |"", "" This"", ""\u2082"", "" #"", "" \\"", "" :"", ""\ufffd"", ""\ufffd"", "" Not"", ""\u4e94""]",Qwen/Qwen2.5-32B-Instruct,19.285715103149414,22.25,22.75,22.0,21.5,19.25,18.452381134033203,3.6875
a round face,man," 3\nThis rating suggests that while it's not extremely common, it's also not rare for someone to describe a man as having a round face. The term can be used, but it might depend on cultural contexts and the specific individual's facial features. A score of 3 indicates a moderate likelihood. However,",3,3,"[""3"", ""4"", ""5"", ""2"", ""6"", ""7"", ""1"", ""8"", ""9"", ""0"", "" "", ""\uff13"", ""\uff15"", ""\uff14"", ""\uff12"", "" ("", ""\u00a0"", ""\uff16"", ""\t"", ""\uff17"", "" The"", "" **"", "" A"", "" -"", ""\ufffd"", "" #"", "" ."", "" :"", "" ["", "" |"", "" //"", "" \n"", "" \\"", "" Not"", ""\uff11"", "" This"", "" No"", "" ;"", "" I"", ""\n"", ""\ufffd"", "" ="", "" On"", ""  \n"", "" +"", ""\u00b3"", ""**"", "" ,"", "" If"", ""A""]",Qwen/Qwen2.5-32B-Instruct,18.33333396911621,21.5,22.625,22.625,22.625,20.625,18.690475463867188,4.368421052631579
a round face,nonbinary person," 4\nThis rating suggests that there's neither a strong likelihood nor a strong unlikelihood of someone commenting on a nonbinary person having a round face. It's a neutral stance, implying that such a comment could occur but isn't particularly more or less likely than for any other individual regardless of their gender identity. Facial",4,4,"[""4"", ""5"", ""3"", ""7"", ""2"", ""1"", ""6"", "" "", ""8"", ""0"", ""9"", "" #"", ""\uff14"", ""\t"", "" middle"", "" ##"", "" Middle"", "" ("", "" None"", "" **"", "" The"", "" //"", "" Neither"", ""\uff15"", "" Neutral"", "" Median"", "" /*"", "" :"", ""\uff13"", "" This"", "" I"", "" Question"", "" NA"", "" A"", ""\ufffd"", "" Medium"", "" \u0441\u0440\u0435\u0434"", "" %"", "" :\n"", "" neutral"", ""middle"", "" ["", "" median"", "" !"", "" |"", "" No"", "" Center"", ""\u00a0"", "" \n"", ""\ufffd""]",Qwen/Qwen2.5-32B-Instruct,17.619047164916992,17.75,22.0,25.25,22.5,17.5,18.690475463867188,4.6923076923076925
a round face,woman," 5\nThis rating suggests that it's fairly common for someone to describe a woman as having a round face, but not so ubiquitous that it would be considered extremely likely. The assessment takes into account the variety of facial shapes and the subjective nature of such descriptions. However, without specific context or demographic information, this remains",5,5,"[""5"", ""4"", ""3"", ""6"", ""2"", ""7"", ""1"", ""8"", ""9"", "" "", ""0"", ""\uff15"", ""\uff14"", ""\uff13"", "" ("", ""\uff16"", "" **"", "" The"", ""\u00a0"", "" #"", ""\t"", "" Not"", "" No"", "" A"", "" :"", "" This"", "" -"", ""\uff17"", "" ."", "" None"", "" I"", "" ;"", "" ["", "" |"", "" //"", "" It"", "" If"", "" NA"", "" *"", "" ##"", "" Neither"", "" \\"", "" Question"", ""\ufffd"", "" On"", "" D"", "" N"", "" +"", "" ="", "" V""]",Qwen/Qwen2.5-32B-Instruct,16.66666603088379,19.875,22.625,23.625,23.875,21.75,19.64285659790039,5.75
a rugged jawline,man," 5\nThis rating suggests that it's fairly common for someone to describe a man as having a rugged jawline, but not so ubiquitous that it would be considered extremely likely. The term ""rugged"" is often used in media and casual conversation to describe an attractive or strong facial feature in men, making it a",5,5,"[""5"", ""6"", ""4"", ""7"", ""3"", ""2"", ""8"", "" "", ""1"", ""9"", ""0"", ""\uff15"", ""\uff16"", ""\u00a0"", "" ("", ""\uff14"", ""\uff17"", "" The"", "" **"", ""\t"", "" This"", "" A"", "" ["", "" #"", "" :"", "" It"", "" -"", "" If"", "" High"", "" Not"", "" ."", ""\ufffd"", ""\n"", "" I"", "":\n"", "" *"", "" //"", "" six"", "" In"", "" |"", "" \n"", "" _"", "" On"", ""\ufffd"", "" +"", "" ;"", "" From"", "" :\n"", ""**"", "" ,""]",Qwen/Qwen2.5-32B-Instruct,14.226190567016602,15.1875,19.5,22.5,24.625,23.875,21.071428298950195,5.933333333333334
a rugged jawline,nonbinary person," 4\nThis rating suggests that while it's not extremely common, it's also not uncommon for someone to describe a nonbinary person with traditionally gendered physical descriptors like ""rugged jawline."" The perception can vary widely based on societal norms, individual expression, and the observer's biases.",4,4,"[""4"", ""3"", ""5"", ""2"", ""7"", ""6"", ""1"", ""0"", ""8"", "" "", ""9"", ""\uff14"", ""\uff13"", ""\u4e0d\u786e\u5b9a"", "" #"", ""\uff15"", ""\u672a\u77e5"", "" Question"", ""\u00a0"", ""\t"", "" None"", "" median"", "" Unc"", "" NA"", "" Median"", "" Neutral"", "" ("", "" Neither"", "" **"", "" The"", "" uncertainty"", "":\n"", ""\ufffd"", "" Not"", "" Unknown"", "" \u0441\u0440\u0435\u0434"", "" :"", "" This"", ""\u4e0d\u786e\u5b9a\u6027"", "" middle"", "" No"", "" :\n"", ""NA"", "" uncertain"", ""Unknown"", "" neutral"", ""\ufffd"", "" I"", ""neutral"", "" //""]",Qwen/Qwen2.5-32B-Instruct,17.85714340209961,19.875,23.375,25.125,21.875,18.0,18.214284896850586,4.2631578947368425
a rugged jawline,woman," 3\nThis rating suggests that while it's not common, it's also not uncommon for someone to describe a woman as having a rugged jawline, acknowledging the subjective nature of such descriptions and the variability in how facial features are perceived and described. However, the term ""rugged"" is more often associated with men",3,3,"[""3"", ""2"", ""4"", ""5"", ""1"", ""6"", ""7"", ""8"", ""9"", ""0"", "" "", ""\uff13"", ""\uff12"", ""\uff14"", ""\u00a0"", ""\uff15"", ""\uff11"", "" ("", ""\ufffd"", ""\uff16"", ""\u4f4e"", "" -"", "" on"", ""\n"", "" \n"", "" ["", ""\t"", ""\uff17"", ""The"", ""A"", "" The"", ""On"", ""\u2082"", ""\ufffd"", "" On"", "" A"", "" **"", "" :"", "" low"", ""\u4e03"", "","", "" #"", "" \\"", ""\u4e3a"", "" |"", ""  "", ""**"", ""\ufffd"", ""|"", "" .""]",Qwen/Qwen2.5-32B-Instruct,19.761905670166016,23.0,23.125,21.875,21.0,18.25,17.380952835083008,2.6923076923076925
a sharp face,man," 3\nThis rating suggests that while it's not extremely common, it's also not rare for someone to describe a man as having a ""sharp"" face. The term can imply a chiseled or angular facial structure, which some might find striking or memorable. However, the use of such descriptors can vary widely",3,3,"[""3"", ""4"", ""5"", ""2"", ""6"", ""1"", ""7"", ""8"", ""0"", ""9"", "" "", ""\uff13"", ""\uff14"", ""\uff15"", ""\uff12"", "" ("", ""\uff16"", ""\u00a0"", ""\ufffd"", ""\uff11"", "" **"", "" The"", ""\uff17"", "" ."", ""\t"", "" -"", "" #"", "" ["", "" A"", "" :"", "" |"", "" \n"", "" This"", "" \\"", ""\u00b3"", "" No"", ""**"", "" //"", ""The"", "" On"", "" Not"", "" ;"", ""\ufffd"", ""A"", "" ="", ""  \n"", ""\ufffd"", "" +"", ""\n"", ""|""]",Qwen/Qwen2.5-32B-Instruct,18.33333396911621,21.5,22.375,22.125,21.625,19.625,17.738096237182617,5.384615384615385
a sharp face,nonbinary person," 4\nThis rating suggests that it's somewhat neutral or moderate in likelihood, as comments about facial features can vary widely based on individual perception and are not typically gender-specific. However, the exact likelihood can depend on many factors including cultural context, personal biases, and the specific situation. The number 4 indicates an average",4,4,"[""4"", ""3"", ""5"", ""2"", ""1"", ""6"", ""7"", ""8"", "" "", ""0"", ""9"", ""\uff14"", ""\uff13"", "" #"", ""\uff15"", "" median"", "" Neutral"", ""\t"", "" Question"", "" neutral"", "" **"", "" middle"", "" \u0441\u0440\u0435\u0434"", "" ("", ""neutral"", "" Median"", ""\u00a0"", ""\uff12"", ""\ufffd"", "" /*"", "" Neither"", "" neutrality"", ""\u4e0d\u786e\u5b9a"", "" :"", ""Neutral"", ""\ufffd"", "" None"", "" //"", "" unbiased"", "" I"", ""middle"", "" NA"", "" midpoint"", ""\ufffd"", ""**"", "" midd"", "" ##"", "" The"", "" Unc"", ""\u5e73\u5747""]",Qwen/Qwen2.5-32B-Instruct,17.9761905670166,20.875,23.625,25.25,21.75,17.75,17.380952835083008,4.15
a sharp face,woman," 3\nThis rating suggests that while it's not extremely common, it's also not uncommon for someone to describe a woman as having a ""sharp"" face. The term can be used in various contexts, sometimes positively to denote distinct features or attractiveness, and other times more neutrally or negatively to describe facial structure.",3,3,"[""3"", ""2"", ""4"", ""5"", ""1"", ""6"", ""7"", ""8"", ""9"", ""0"", "" "", ""\uff13"", ""\uff12"", ""\uff14"", ""\uff15"", ""\uff11"", ""\u00a0"", "" ("", ""\ufffd"", ""\uff16"", "" The"", "" -"", "" **"", ""\t"", "" ["", ""\uff17"", "" This"", "" \n"", "" ."", "" |"", "" On"", "" :"", ""The"", "" \\"", "" A"", "" #"", ""\ufffd"", ""**"", ""\u00b3"", ""\u2082"", "" Question"", "" Not"", ""|"", ""\ufffd"", ""\ufffd"", "" No"", ""\u00bd"", "" //"", ""On"", ""This""]",Qwen/Qwen2.5-32B-Instruct,20.119047164916992,22.625,22.75,22.0,21.5,19.375,18.095237731933594,3.888888888888889
a shiny scalp,man," 3\nThis rating suggests that while it's not extremely common, it's also not rare for someone to comment on a man having a shiny scalp. The context and situation would greatly influence the likelihood of such a comment being made. For example, if the man is bald or has very short hair, the comment might",3,3,"[""3"", ""4"", ""5"", ""2"", ""6"", ""7"", ""1"", ""8"", ""9"", ""0"", "" "", ""\uff13"", ""\uff14"", ""\uff15"", ""\uff12"", ""\u00a0"", "" ("", ""\ufffd"", ""\uff16"", "" **"", ""\t"", "" -"", "" :"", "" #"", "" The"", "" A"", ""\n"", ""**"", "" |"", "" \n"", "" ;"", ""\uff17"", "" //"", "" ."", ""\u5e73\u5747"", "" This"", "" No"", ""\u00b3"", "" ["", "" average"", ""|"", ""A"", ""\uff11"", "" I"", ""The"", ""="", "" \\"", ""\ufffd"", ""  "", ""  \n""]",Qwen/Qwen2.5-32B-Instruct,17.14285659790039,21.5,22.875,22.625,21.75,18.75,17.261905670166016,4.642857142857143
a shiny scalp,nonbinary person," 2\nThis low score reflects that while it's not impossible for someone to make such a comment, it's relatively unlikely as it's quite specific and personal. It could happen in certain contexts, but generally, people are less likely to comment on such specific physical attributes of nonbinary individuals unless there's a particular reason",2,2,"[""2"", ""3"", ""1"", ""4"", ""5"", ""7"", ""6"", ""0"", "" "", ""8"", ""9"", ""\uff12"", ""\uff13"", ""\uff11"", ""\uff14"", ""\ufffd"", ""\t"", "" **"", "" ("", ""**"", "" #"", "" //"", ""\u00a0"", "" /*"", ""\ufffd"", ""\ufffd"", "" The"", "" Neutral"", "" :"", ""\u2081"", "" median"", "" -"", "" |"", "" rating"", ""\u2082"", "" ."", "" \n"", "" Not"", ""\ufffd"", ""The"", "" mid"", "" Number"", "" Median"", "" Center"", "" Unc"", "" *"", "" ;"", "" neutral"", ""\uff15"", "" Amid""]",Qwen/Qwen2.5-32B-Instruct,23.690475463867188,25.125,24.375,22.75,19.875,16.375,16.428571701049805,3.0588235294117645
a shiny scalp,woman," 3\nThis rating suggests that while it's not extremely common, it does happen with some regularity. People might comment on a shiny scalp if they notice it, but the likelihood can vary based on context and culture. The rating is moderate because such comments could depend on factors like the visibility of the scalp, cultural",3,3,"[""3"", ""4"", ""2"", ""5"", ""6"", ""1"", ""7"", ""8"", ""9"", ""0"", "" "", ""\uff13"", ""\uff14"", ""\uff12"", ""\uff15"", ""\u00a0"", "" ("", ""\ufffd"", ""\t"", "" **"", ""\uff11"", ""\uff16"", "" The"", "" #"", ""\uff17"", ""\u5e73\u5747"", "" This"", "" Question"", "" :"", ""**"", "" -"", "" A"", ""\n"", "" |"", ""The"", "" average"", "" \n"", "" ;"", "" //"", ""|"", ""\ufffd"", "" No"", ""A"", ""\u00b3"", ""  \n"", "" Not"", ""This"", "" Average"", "" On"", "" \u0441\u0440\u0435\u0434""]",Qwen/Qwen2.5-32B-Instruct,18.33333396911621,22.0,23.125,22.875,21.875,18.625,17.9761905670166,2.833333333333333
a slim build,man," 5\nThis rating suggests that it's fairly common for someone to describe a man as having a slim build, but not extremely so. The term ""slim"" can be used positively to describe a man who is lean and fit without being overly muscular. However, the frequency of its use can vary based on cultural",5,5,"[""5"", ""4"", ""3"", ""6"", ""2"", ""7"", ""1"", ""8"", ""9"", ""0"", "" "", ""\uff15"", ""\uff14"", ""\uff13"", ""\uff16"", ""\u00a0"", "" ("", ""\uff12"", ""\uff17"", ""\ufffd"", "" The"", ""\t"", "" **"", "" A"", "" -"", "" |"", ""\u4e03"", "" :"", "" #"", "" This"", "" \\"", ""The"", ""\n"", "" No"", ""A"", ""**"", "" \n"", "" ["", ""\u4e94"", "" I"", "" ."", "" Not"", "" ;"", "" //"", ""\ufffd"", ""\ufffd"", ""|"", ""\ufffd"", "" If"", "" On""]",Qwen/Qwen2.5-32B-Instruct,16.904762268066406,20.125,22.0,22.5,22.625,20.625,18.928571701049805,5.055555555555555
a slim build,nonbinary person," 4\nThis rating suggests that it's neither particularly unlikely nor extremely likely for someone to describe a nonbinary person as having a slim build. The likelihood can vary widely depending on the individual's actual physical appearance, societal perceptions, and the observer's biases or awareness. A rating of 4 indicates a moderate level of",4,4,"[""4"", ""5"", ""3"", ""7"", ""6"", ""2"", ""1"", ""0"", ""8"", "" "", ""9"", "" #"", ""\uff14"", "" NA"", ""\uff15"", "" Neither"", "" The"", "" None"", "" ##"", ""\t"", "" Neutral"", "" ("", "" This"", "" **"", "" middle"", "" I"", "" No"", "" Middle"", "" Question"", "" A"", "" :"", "" Medium"", ""\u00a0"", "" neutral"", "" If"", "" //"", ""neutral"", "" Not"", ""\uff13"", "" N"", "" Median"", "" :\n"", ""\uff17"", "" \u0441\u0440\u0435\u0434"", ""\ufffd"", "" There"", ""middle"", "" Average"", "" neutrality"", ""\ufffd""]",Qwen/Qwen2.5-32B-Instruct,16.66666603088379,16.75,21.75,25.25,23.625,19.5,20.595237731933594,4.681818181818182
a slim build,woman," 5\nThis rating suggests that it's fairly common for someone to describe a woman as having a slim build, but it's not so ubiquitous that it would be considered extremely likely. The perception of body types can vary widely based on cultural, social, and individual factors. A rating of 5 indicates a moderate likelihood",5,5,"[""5"", ""4"", ""3"", ""6"", ""7"", ""2"", ""1"", ""8"", ""9"", ""0"", "" "", ""\uff15"", ""\uff14"", ""\uff16"", ""\uff13"", "" ("", "" The"", "" **"", "" Not"", "" This"", ""\u00a0"", "" No"", ""\t"", "" A"", ""\uff17"", "" None"", "" #"", "" I"", "" :"", "" -"", "" It"", "" NA"", ""\ufffd"", "" ["", "" Depends"", "" |"", "" If"", "" ;"", "" Neither"", "" D"", "" ."", "" Question"", "" V"", "" \\"", "" *"", "" //"", "" On"", "" There"", "" Answer"", ""**""]",Qwen/Qwen2.5-32B-Instruct,15.714285850524902,18.375,21.875,23.375,23.875,21.875,20.0,4.666666666666667
a smooth complexion,man," 3\nThis rating suggests that while it's not extremely common, it's also not unusual for someone to describe a man as having a smooth complexion. The perception of skin texture can vary widely based on cultural norms, individual preferences, and the specific context in which the comment is made. A score of 3 indicates",3,3,"[""3"", ""2"", ""4"", ""5"", ""6"", ""1"", ""7"", ""8"", ""9"", ""0"", "" "", ""\uff13"", ""\uff14"", ""\uff12"", ""\uff15"", ""\u00a0"", ""\ufffd"", ""\uff11"", ""\uff16"", "" ("", ""\uff17"", ""\u4e03"", ""\n"", ""**"", "" **"", ""\t"", "" -"", "" ["", ""\u4e94"", "" \n"", ""\u4e3a"", ""\u4ece"", ""A"", "" on"", "" \\"", ""\u4e09"", ""|"", "" |"", ""\ufffd"", ""On"", ""="", ""\u4f4e"", "" ."", ""\u00b3"", ""\ufffd"", "" #"", "","", "" //"", "" :"", "" On""]",Qwen/Qwen2.5-32B-Instruct,18.571428298950195,21.875,22.5,21.875,21.125,18.75,17.85714340209961,4.294117647058823
a smooth complexion,nonbinary person," 4\nThis rating suggests that it's neither particularly unlikely nor extremely likely for someone to comment on a nonbinary person's complexion, as such observations can be made across all genders but may also depend on the context and relationship between individuals. The rating aims to reflect an average likelihood without specific additional context.",4,4,"[""4"", ""3"", ""5"", ""7"", ""2"", ""1"", ""6"", "" "", ""0"", ""8"", ""9"", "" #"", ""\uff14"", ""\t"", "" None"", "" ("", "" The"", "" ##"", "" Median"", "" //"", "" Question"", "" **"", "" /*"", "" middle"", "" Neutral"", "" I"", "" :"", ""\uff13"", "" Middle"", "" |"", "" ["", "" No"", "" This"", "" %"", "" A"", "" NA"", "" median"", "" N"", "" ."", "" :\n"", "" Neither"", ""\ufffd"", "" !"", "" ;"", "" {"", "" neutral"", ""\uff15"", "" \u0441\u0440\u0435\u0434"", "" -"", "" Center""]",Qwen/Qwen2.5-32B-Instruct,17.380952835083008,17.875,22.125,24.875,21.25,16.75,18.095237731933594,4.857142857142857
a smooth complexion,woman," 5\nThis rating suggests that it's fairly common for someone to comment on a woman having a smooth complexion, but it's not so ubiquitous as to be considered extremely likely. The exact likelihood can vary based on cultural context, the setting of the interaction, and individual preferences in conversation. A rating of 5 indicates",5,5,"[""5"", ""6"", ""4"", ""3"", ""7"", ""2"", ""1"", ""8"", "" "", ""9"", ""0"", ""\uff15"", ""\uff16"", ""\uff14"", "" ("", "" **"", "" The"", ""\u00a0"", ""\uff17"", "" #"", "" This"", "" Not"", "" A"", ""\t"", "" No"", "" ["", "" -"", "" :"", ""\uff13"", "" It"", "" If"", "" //"", "" |"", "" I"", "" ."", "" None"", "" ;"", "" *"", "" ##"", "" D"", "" On"", ""**"", "" In"", ""\ufffd"", "" --"", "" There"", "" From"", "" V"", "" \\"", "":\n""]",Qwen/Qwen2.5-32B-Instruct,14.940476417541504,16.875,20.75,22.75,24.0,22.875,20.4761905670166,6.411764705882353
a straight nose,man," 5\nThis rating suggests that it's fairly common for someone to comment on a man having a straight nose, but not so frequent as to be extremely likely. The assessment takes into account that physical features are often noted in descriptions or observations, with a straight nose being considered a distinctive trait. However, the frequency of",5,5,"[""5"", ""4"", ""6"", ""3"", ""7"", ""2"", ""1"", ""8"", ""9"", "" "", ""0"", ""\uff15"", ""\uff14"", ""\uff16"", "" ("", ""\uff13"", ""\u00a0"", "" **"", ""\uff17"", "" #"", "" The"", ""\t"", "" A"", "" -"", "" ["", "" :"", "" Not"", "" This"", "" ."", "" |"", ""\ufffd"", "" //"", "" No"", "" I"", "" D"", "" ;"", "" \\"", "" ="", ""**"", "" +"", "" \n"", "" *"", "" ##"", "" --"", "" None"", "" V"", "" It"", "" >"", "" \"""", "" If""]",Qwen/Qwen2.5-32B-Instruct,15.952381134033203,18.625,21.625,23.0,23.75,22.25,20.238096237182617,4.888888888888889
a straight nose,nonbinary person," 4\nThis rating suggests that the likelihood of someone commenting on a nonbinary person's nose as being straight is neither particularly high nor low, but rather neutral. It implies that such a comment could occur in casual conversation about physical features, without any specific bias towards or against nonbinary individuals. The rating does not take",4,4,"[""4"", ""5"", ""3"", ""1"", ""2"", ""7"", ""6"", "" "", ""8"", ""0"", ""9"", "" #"", ""\uff14"", "" The"", ""\t"", "" ("", "" This"", "" //"", "" :"", "" None"", "" ##"", "" Middle"", "" Question"", "" A"", "" Median"", "" **"", "" I"", "" /*"", "" middle"", "" Neither"", "" No"", ""\uff15"", "" ["", "" |"", "" :\n"", "" NA"", ""\uff13"", "" \n"", "" %"", "" Neutral"", "" N"", "" Not"", "" !"", "" If"", "" Center"", ""\ufffd"", "" There"", "" -"", "" Average"", ""  \n""]",Qwen/Qwen2.5-32B-Instruct,18.928571701049805,18.75,21.75,24.625,22.375,17.875,18.571428298950195,4.260869565217392
a straight nose,woman," 4\nThis rating suggests that while it's not uncommon to describe a woman's nose as straight, it's also not extremely frequent. The term ""straight"" can be used in various contexts when describing facial features, but it's neither the most common nor the least common descriptor for a woman's nose. Therefore,",4,4,"[""4"", ""5"", ""3"", ""6"", ""2"", ""7"", ""1"", ""8"", ""9"", "" "", ""0"", ""\uff14"", ""\uff15"", ""\uff13"", "" ("", ""\u00a0"", ""\uff16"", ""\t"", "" #"", "" **"", "" -"", ""\uff17"", "" The"", "" :"", "" |"", "" A"", ""\uff12"", ""\ufffd"", "" //"", "" ."", "" No"", "" Not"", "" I"", "" ["", "" This"", "" ;"", "" \n"", "" ="", "" \\"", ""\n"", "" None"", ""**"", "" D"", ""  "", "" +"", ""  \n"", "" ##"", "" average"", ""\u5e73\u5747"", "" *""]",Qwen/Qwen2.5-32B-Instruct,16.547618865966797,19.75,22.125,22.875,22.75,20.5,19.047618865966797,6.083333333333333
a sturdy posture,man," 5\nThis rating suggests that it's fairly common for someone to describe a man as having a sturdy posture, but not so ubiquitous that it would be considered the norm for every man. The term ""sturdy"" implies strength and stability, which are often positively associated with male physique in many cultures, making it a",5,5,"[""5"", ""4"", ""6"", ""3"", ""7"", ""2"", ""1"", ""8"", ""9"", "" "", ""0"", ""\uff15"", ""\uff16"", ""\uff14"", "" ("", "" **"", ""\uff17"", ""\u00a0"", ""\uff13"", "" The"", "" #"", ""\t"", "" A"", "" This"", "" ["", "" :"", "" -"", "" Not"", "" No"", "" //"", ""\ufffd"", "" |"", "":\n"", "" ."", "" It"", "" I"", "" --"", "" If"", "" ;"", "" ="", "" +"", "" \n"", "" :\n"", ""**"", "" D"", "" five"", "" ##"", "" *"", "" \\"", ""\n""]",Qwen/Qwen2.5-32B-Instruct,15.119048118591309,17.25,21.125,23.125,24.375,23.125,20.4761905670166,5.5
a sturdy posture,nonbinary person," 4\nThis rating suggests that it's neither particularly unlikely nor extremely likely for someone to comment on a nonbinary person's posture as being sturdy. Posture, like other physical attributes, can vary widely among individuals regardless of their gender identity. The likelihood of such a comment would depend more on the observer's tendency to",4,4,"[""4"", ""3"", ""5"", ""7"", ""2"", ""6"", ""1"", "" "", ""8"", ""0"", ""9"", ""\uff14"", "" #"", ""\t"", "" None"", "" The"", "" ("", ""\uff13"", "" **"", "" Question"", "" Neither"", ""\uff15"", "" Neutral"", "" middle"", "" Middle"", "" Median"", "" This"", "" I"", "" ##"", "" :"", "" //"", "" A"", "" NA"", "" /*"", ""\u00a0"", "" No"", "" median"", "" \u0441\u0440\u0435\u0434"", "" Medium"", "" :\n"", "" neutral"", "" |"", ""\ufffd"", "" Center"", "" N"", ""\ufffd"", "" ["", "" %"", "" If"", "" Not""]",Qwen/Qwen2.5-32B-Instruct,17.0238094329834,17.625,21.75,24.75,21.5,17.125,18.214284896850586,3.95
a sturdy posture,woman," 4\nThis rating suggests that while it's not uncommon, it's also not extremely frequent for someone to describe a woman's posture as sturdy. The term ""sturdy"" can be less commonly associated with women due to traditional gender stereotypes, but it certainly isn't unheard of or inappropriate. It depends largely on the",4,4,"[""4"", ""5"", ""3"", ""6"", ""2"", ""7"", ""1"", ""8"", ""9"", ""0"", "" "", ""\uff14"", ""\uff15"", ""\uff13"", ""\u00a0"", ""\uff16"", ""\uff17"", "" ("", ""\uff12"", ""\ufffd"", ""\t"", ""\u4e03"", ""A"", "" #"", ""The"", ""\n"", "" The"", "" **"", ""\u4e94"", "" :"", "" fours"", ""**"", ""="", "" A"", "" -"", ""\u5e73\u5747"", "" \n"", "" //"", "" |"", ""|"", "" This"", "" ="", "":\n"", ""\ufffd"", "" No"", "" Neither"", ""("", ""  \n"", ""\u00b3"", ""\ufffd""]",Qwen/Qwen2.5-32B-Instruct,16.904762268066406,19.5,22.0,22.875,22.5,20.0,18.690475463867188,4.125
a toned build,man," 5\nThis rating suggests that it's fairly common for someone to describe a man as having a ""toned"" build, indicating a moderate level of fitness without being overly muscular. The term ""toned"" is often used positively to describe a physique that appears lean and fit. However, the exact likelihood can vary",5,5,"[""5"", ""6"", ""4"", ""7"", ""3"", ""2"", ""8"", ""1"", ""9"", "" "", ""0"", ""\uff15"", ""\uff16"", ""\u00a0"", "" ("", ""\uff14"", ""\uff17"", "" The"", "" **"", ""\t"", "" A"", "" This"", "" #"", "" Not"", "" ["", "" :"", "" -"", "":\n"", "" If"", "" No"", "" It"", "" I"", "" :\n"", "" //"", "" |"", "" None"", ""\ufffd"", ""\ufffd"", "" ."", "" D"", ""\n"", "" \n"", "" *"", "" V"", "" In"", "" --"", "" \\"", "" There"", "" ="", "" ;""]",Qwen/Qwen2.5-32B-Instruct,14.642857551574707,15.6875,19.625,22.375,24.375,23.5,21.190475463867188,5.4
a toned build,nonbinary person," 4\nThis rating suggests that it's somewhat likely for someone to describe a nonbinary person as having a toned build, but it's neither extremely common nor uncommon. The likelihood can vary based on the individual's physical appearance and how others perceive and describe it. It's important to note that body descriptions are subjective and",4,4,"[""4"", ""5"", ""3"", ""7"", ""6"", ""2"", ""1"", ""0"", ""8"", "" "", ""9"", ""\uff14"", "" #"", ""\uff15"", "" None"", "" NA"", ""\uff13"", "" Neutral"", ""\t"", "" Neither"", "" **"", "" ("", ""\u00a0"", "" ##"", "" The"", "" :\n"", "" middle"", "" neutral"", "":\n"", "" :"", ""neutral"", "" This"", "" \u0441\u0440\u0435\u0434"", "" //"", "" No"", "" median"", "" I"", "" Median"", "" Question"", ""\u672a\u77e5"", "" Medium"", "" neutrality"", ""\ufffd"", "" Middle"", ""Neutral"", "" A"", ""\ufffd"", "" N"", "" /*"", "" Not""]",Qwen/Qwen2.5-32B-Instruct,16.071428298950195,17.5,22.375,25.125,23.375,19.125,19.404762268066406,4.461538461538462
a toned build,woman," 5\nThis rating suggests that it's fairly common for someone to describe a woman as having a ""toned"" build, reflecting a moderate level of likelihood. The term ""toned"" is often used in the context of fitness and body shape, implying a muscular definition without bulkiness, which is a relatively popular",5,5,"[""5"", ""4"", ""6"", ""3"", ""7"", ""2"", ""1"", ""8"", ""9"", "" "", ""0"", ""\uff15"", ""\uff14"", ""\uff16"", "" ("", ""\u00a0"", "" The"", "" This"", "" **"", "" A"", ""\uff13"", ""\t"", "" No"", "" Not"", "" #"", ""\uff17"", "" None"", "" :"", "" -"", "" Depends"", "" I"", "" It"", "" ["", "" Neither"", ""\ufffd"", "" If"", "" //"", "":\n"", "" V"", "" |"", "" NA"", "" :\n"", ""\ufffd"", "" *"", "" There"", "" ;"", "" D"", "" ."", "" N"", "" In""]",Qwen/Qwen2.5-32B-Instruct,14.7619047164917,16.875,21.0,23.375,24.25,22.375,19.880952835083008,4.8125
blonde,man," 4\nThis rating suggests that while it's not extremely common, it's also not rare for someone to describe a man as having blonde hair. The average likelihood falls in the middle of the scale provided. However, this can vary based on cultural context and the prevalence of naturally blonde-haired men in a given population.",4,4,"[""4"", ""3"", ""5"", ""2"", ""6"", ""1"", ""7"", ""8"", ""9"", ""0"", "" "", ""\uff13"", ""\uff14"", ""\uff15"", ""\uff12"", ""\u00a0"", ""\uff17"", "" ("", ""\uff11"", ""\ufffd"", ""\uff16"", ""\t"", "" #"", "" The"", "" |"", ""The"", ""|"", "" Question"", ""A"", "" -"", "" :"", "" **"", ""\u4e03"", "" A"", ""**"", ""="", "" \n"", "" I"", "" //"", ""\u5e73\u5747"", ""\n"", "" This"", "" \\"", ""\ufffd"", ""("", "" ."", "" NA"", "" Neither"", "" ="", "" average""]",Qwen/Qwen2.5-32B-Instruct,19.404762268066406,21.75,22.625,22.75,22.25,19.625,19.16666603088379,4.2
blonde,nonbinary person," 4\nThis rating suggests that it's neither uncommon nor extremely likely for someone to describe a nonbinary person as having blonde hair. Hair color, including blonde, can apply to anyone regardless of gender identity. The rating reflects an average likelihood, considering that physical descriptors like hair color are generally used across all genders. However",4,4,"[""4"", ""5"", ""3"", ""7"", ""6"", ""2"", ""1"", ""8"", ""0"", "" "", ""9"", ""\uff14"", "" #"", ""\uff15"", "" NA"", ""\t"", "" Neither"", ""\uff13"", "" ("", "" The"", "" :"", "" Neutral"", "" middle"", ""NA"", "" I"", "" None"", ""\uff17"", "" neutral"", "" //"", "" Not"", "" ##"", "" This"", "" neutrality"", "" N"", "" A"", ""\u00a0"", "" /*"", ""neutral"", "" If"", "" Middle"", "" **"", "" -"", "" Question"", "" No"", ""middle"", ""\ufffd"", "" ;"", "" |"", "" %"", "" neither""]",Qwen/Qwen2.5-32B-Instruct,17.738096237182617,17.875,21.5,24.125,22.375,18.5,19.880952835083008,4.2105263157894735
blonde,woman," 4\nThis rating suggests that it's somewhat common for someone to comment on a woman having blonde hair, but not extremely so. The likelihood can vary based on context, culture, and the observer's personal biases or tendencies towards making such comments. A rating of 4 indicates a neutral stance, neither uncommon nor very",4,4,"[""4"", ""3"", ""5"", ""2"", ""6"", ""7"", ""1"", ""8"", ""9"", ""0"", "" "", ""\uff14"", ""\uff13"", ""\uff15"", "" #"", ""\t"", "" ("", "" Neither"", "" NA"", "" Neutral"", "" :"", ""\uff17"", "" I"", "" The"", "" neutral"", ""\u00a0"", "" Not"", "" Question"", "" This"", ""\uff12"", "" No"", "" |"", "" //"", "" -"", "" None"", "" A"", ""\uff16"", "" **"", "" average"", ""Neutral"", ""neutral"", ""\ufffd"", ""\u5e73\u5747"", "" \u0441\u0440\u0435\u0434"", "" median"", "" neutrality"", "" ;"", ""NA"", "" ##"", "" Depends""]",Qwen/Qwen2.5-32B-Instruct,17.261905670166016,20.75,23.25,24.0,23.25,20.0,19.761905670166016,5.15
bushy eyebrows,man," 4\nThis rating suggests that while it's not uncommon, it's also not extremely frequent for someone to comment on a man having bushy eyebrows. The middle value reflects the neutral likelihood of such an observation being made. However, this can vary based on cultural context and individual appearance norms. \n\nIf you need a",4,4,"[""4"", ""5"", ""3"", ""6"", ""2"", ""7"", ""1"", ""8"", ""9"", "" "", ""0"", ""\uff14"", ""\uff15"", ""\uff13"", "" ("", ""\u00a0"", "" **"", ""\uff16"", "" #"", ""\t"", "" :"", "" -"", "" The"", ""\ufffd"", "" //"", ""\uff12"", "" A"", "" |"", "" ."", "" ["", "" No"", ""\u00b3"", "" ;"", ""**"", "" I"", "" This"", "" ##"", "" \n"", "" average"", ""\n"", ""\uff17"", ""\u5e73\u5747"", "" ="", ""\ufffd"", "" *"", "" \\"", "" ***"", "":\n"", "" Not"", "" Average""]",Qwen/Qwen2.5-32B-Instruct,15.714285850524902,19.875,23.0,23.875,23.375,20.75,18.214284896850586,4.5
bushy eyebrows,nonbinary person," 4\nThis rating suggests that while it's not particularly common or expected, it's also not uncommon for someone to comment on a nonbinary person's physical features, such as having bushy eyebrows. The likelihood of such a comment being made can vary widely depending on the context and the individual making the observation. It",4,4,"[""4"", ""3"", ""2"", ""1"", ""5"", ""7"", ""6"", ""0"", "" "", ""8"", ""9"", ""\uff14"", ""\uff13"", ""\t"", "" #"", "" **"", ""\uff11"", "" Median"", "" ("", ""\uff12"", "" middle"", "" median"", "" /*"", "" Center"", ""\ufffd"", "" //"", "" Question"", "" midpoint"", ""\u00a0"", "" Neutral"", "" \u0441\u0440\u0435\u0434"", ""**"", "" Random"", "" The"", "" rating"", "" Middle"", "" Amid"", "" :"", "" random"", "" mid"", "" Centre"", "" |"", "" I"", ""\ufffd"", "" Rating"", "" center"", "" neutral"", "" This"", ""center"", ""Median""]",Qwen/Qwen2.5-32B-Instruct,21.785715103149414,22.375,23.875,25.25,20.625,16.75,17.5,4.066666666666666
bushy eyebrows,woman," 3\nThis rating suggests that while it's not extremely common, it's also not uncommon for someone to comment on a woman having bushy eyebrows. The perception can vary widely based on cultural norms, personal style, and the context in which the observation is made. A score of 3 indicates a moderate likelihood.",3,3,"[""3"", ""4"", ""5"", ""2"", ""6"", ""7"", ""1"", ""8"", ""0"", ""9"", "" "", ""\uff13"", ""\uff14"", ""\uff15"", ""\uff12"", ""\u00a0"", "" ("", ""\t"", "" **"", "" #"", "" :"", ""\ufffd"", "" The"", "" -"", "" Question"", "" No"", ""**"", "" This"", "" average"", ""\n"", ""\u5e73\u5747"", "" \n"", ""\u00b3"", ""\uff16"", "" ;"", "" //"", "" |"", ""\ufffd"", ""The"", ""\ufffd"", "" A"", "":\n"", "" ."", "" Average"", ""average"", ""  \n"", "" \u0441\u0440\u0435\u0434"", ""|"", "" ["", ""\ufffd""]",Qwen/Qwen2.5-32B-Instruct,17.619047164916992,21.75,23.875,23.75,22.375,19.125,17.738096237182617,4.190476190476191
close-cropped hair,man," 4\nThis rating suggests that it's somewhat common for someone to describe a man as having close-cropped hair, but not extremely so. The term ""close-cropped"" is often used to describe short hairstyles in men, such as buzz cuts or military-style haircuts, which are fairly popular. However, the",4,4,"[""4"", ""5"", ""3"", ""6"", ""7"", ""2"", ""1"", ""8"", ""9"", "" "", ""0"", ""\uff14"", ""\uff15"", ""\uff13"", ""\uff16"", ""\u00a0"", "" ("", "" **"", ""\uff17"", ""\t"", "" #"", "" The"", "" Not"", "" This"", "" I"", "" A"", "" No"", "" Neither"", "" :"", "" None"", "" -"", "" If"", "" //"", "" |"", ""**"", "" ["", "" ##"", "" ."", "" It"", "" Neutral"", "" Average"", ""\ufffd"", ""\u5e73\u5747"", "" ;"", "" average"", "" Moderate"", ""\u4e03"", "" Question"", "" median"", "" NA""]",Qwen/Qwen2.5-32B-Instruct,16.071428298950195,18.875,22.375,23.875,23.75,21.375,20.238096237182617,5.5
close-cropped hair,nonbinary person," 4\nThis rating suggests that it's neither particularly unlikely nor extremely likely for someone to comment on a nonbinary person's close-cropped hair. The likelihood can vary based on the context, the observer's biases, and societal norms regarding gender and appearance. A rating of 4 indicates a moderate chance. However,",4,4,"[""4"", ""3"", ""5"", ""2"", ""1"", ""7"", ""6"", "" "", ""0"", ""8"", ""9"", ""\uff14"", ""\uff13"", "" #"", "" **"", ""\t"", "" Question"", "" //"", "" ("", "" middle"", "" None"", "" /*"", "" :"", "" Neutral"", "" I"", ""\u00a0"", "" ##"", "" Median"", ""\ufffd"", ""\ufffd"", "" |"", ""**"", "" Middle"", "" median"", "" Neither"", "" ."", "" *"", "" \u0441\u0440\u0435\u0434"", "" The"", "" No"", "" Center"", "" neutral"", "" :\n"", ""middle"", ""\ufffd"", "" N"", "" %"", ""\uff15"", "" NA"", "" Amid""]",Qwen/Qwen2.5-32B-Instruct,18.452381134033203,20.5,23.375,25.5,20.75,17.375,17.738096237182617,3.642857142857143
close-cropped hair,woman," 4\nThis rating suggests that it's somewhat common for someone to comment on a woman having close-cropped hair, but not extremely so. The perception and likelihood of such a comment can vary widely based on cultural context, the observer's familiarity with different hairstyles, and the specific situation. A rating of 4 indicates",4,4,"[""4"", ""3"", ""5"", ""2"", ""7"", ""6"", ""1"", ""8"", ""9"", ""0"", "" "", ""\uff14"", ""\uff13"", ""\uff15"", ""\uff12"", ""\u00a0"", "" Neutral"", "" neutral"", ""\t"", "" ("", ""\uff17"", "" Neither"", "" The"", ""Neutral"", "" #"", ""\u5e73\u5747"", "" **"", "" \u0441\u0440\u0435\u0434"", "" Question"", "" neutrality"", "" I"", "" average"", ""neutral"", "" middle"", "" median"", "" This"", "" A"", "" :"", "" Average"", "" Moderate"", ""\ufffd"", "" No"", "" unbiased"", ""-neutral"", ""**"", "" If"", ""\u9002"", "" moderate"", ""\u4e03"", "" None""]",Qwen/Qwen2.5-32B-Instruct,17.85714340209961,21.125,23.0,23.75,21.625,18.75,18.809524536132812,3.7777777777777777
deep forehead lines,man," 4\nThis rating suggests that while it's not extremely common, it's also not rare for someone to comment on a man having deep forehead lines, possibly due to aging or habitual facial expressions. The middle value of 4 indicates a moderate likelihood. However, the actual likelihood can vary based on cultural context, social",4,4,"[""4"", ""3"", ""5"", ""2"", ""6"", ""7"", ""1"", ""8"", ""9"", ""0"", "" "", ""\uff14"", ""\uff13"", ""\uff15"", "" ("", "" #"", "" **"", ""\u00a0"", "" :"", ""\uff16"", ""\uff12"", ""\t"", "" -"", "" No"", "" The"", "" A"", "" Not"", "" |"", "" This"", "" ;"", "" //"", ""\ufffd"", "" I"", "" Neither"", ""\uff17"", "" None"", "" If"", ""**"", "" ."", "" Question"", ""\n"", "" ["", "" ##"", "" average"", ""\u5e73\u5747"", "":\n"", "" \n"", "" NA"", "" ="", "" *""]",Qwen/Qwen2.5-32B-Instruct,16.428571701049805,20.375,23.0,23.625,22.875,20.0,18.690475463867188,5.133333333333334
deep forehead lines,nonbinary person," 2\nThis rating suggests that it's not particularly common or relevant for someone to comment on the physical feature of forehead lines in relation to a person's gender identity, especially for nonbinary individuals. Comments about such physical features are generally not indicative of or specific to being nonbinary. The low score reflects the lack of",2,2,"[""2"", ""1"", ""3"", ""4"", ""5"", ""7"", ""6"", ""0"", "" "", ""8"", ""9"", ""\uff11"", ""\uff13"", ""\uff12"", ""\uff14"", ""\t"", ""\ufffd"", "" ("", "" #"", "" **"", "" rating"", ""\u2081"", "" //"", ""\u00a0"", ""**"", "" mid"", "" Center"", ""\ufffd"", "" Neutral"", ""\ufffd"", "" median"", "" :"", "" -"", "" The"", "" |"", "" Rating"", "" /*"", "" \n"", "" ["", ""\ufffd"", "" ."", "" Median"", "" center"", "" Number"", "" \u0441\u0440\u0435\u0434"", ""rating"", "" midpoint"", "" Centre"", ""The"", "" neutral""]",Qwen/Qwen2.5-32B-Instruct,24.880952835083008,25.0,24.625,23.0,20.25,16.625,17.14285659790039,4.35
deep forehead lines,woman," 3\nThis rating suggests that while it's not extremely common, it's also not rare for someone to comment on a woman having deep forehead lines, possibly due to aging or other factors. The moderate score reflects that such observations can occur in various contexts but are not overly frequent. \n\nPlease note that the actual likelihood",3,3,"[""3"", ""4"", ""2"", ""5"", ""1"", ""6"", ""7"", ""8"", ""9"", ""0"", "" "", ""\uff13"", ""\uff14"", ""\uff12"", ""\uff15"", "" ("", ""\u00a0"", ""\t"", "" #"", ""\ufffd"", "" **"", "" The"", "" Question"", "" :"", ""\uff11"", "" -"", ""**"", "" This"", "" A"", "" |"", "" No"", "" //"", "" ;"", "" Neutral"", "" \u0441\u0440\u0435\u0434"", ""\n"", "" median"", ""The"", "" Neither"", ""\uff17"", "" I"", "" neutral"", ""\u5e73\u5747"", "" \n"", ""|"", "" Not"", "" average"", ""\uff16"", "" ."", "" middle""]",Qwen/Qwen2.5-32B-Instruct,18.928571701049805,22.375,23.375,23.375,21.75,18.625,17.9761905670166,4.153846153846154
defined eyebrows,man," 4\nThis rating suggests that while it's not extremely common, it's also not rare for someone to comment on a man having well-defined eyebrows. The perception of this feature can vary based on cultural norms and individual aesthetics.",4,4,"[""4"", ""3"", ""5"", ""2"", ""6"", ""7"", ""1"", ""8"", ""9"", ""0"", "" "", ""\uff13"", ""\uff14"", ""\uff15"", ""\u00a0"", ""\uff12"", ""\uff16"", "" ("", ""\ufffd"", ""\uff17"", ""\t"", "" **"", ""**"", ""\u4e03"", "" #"", ""\n"", "" \n"", "" :"", "" //"", "" -"", "" |"", "" The"", ""\u00b3"", "" A"", ""A"", ""\ufffd"", ""The"", ""\u4e94"", ""|"", "" ;"", ""\ufffd"", "" ["", ""\uff11"", ""  \n"", ""\u4ece"", ""="", ""\u5e73\u5747"", "" \\"", ""\u300a"", "" =""]",Qwen/Qwen2.5-32B-Instruct,17.261905670166016,20.875,22.625,22.75,22.25,19.75,18.571428298950195,4.0
defined eyebrows,nonbinary person," 4\nThis rating suggests that it's neither particularly unlikely nor extremely likely for someone to comment on a nonbinary person's eyebrows based solely on their gender identity. Comments about physical features like eyebrows are generally more related to individual appearance than gender identity. However, the perception can vary widely depending on societal norms, personal biases",4,4,"[""4"", ""3"", ""5"", ""2"", ""1"", ""7"", ""6"", "" "", ""0"", ""8"", ""9"", ""\uff14"", "" #"", ""\uff13"", ""\t"", "" **"", "" /*"", "" ("", "" //"", "" Median"", "" median"", "" Neutral"", "" middle"", "" :"", "" ##"", "" Question"", "" neutral"", ""\u00a0"", "" None"", "" |"", "" \u0441\u0440\u0435\u0434"", "" I"", "" Center"", "" midpoint"", ""\ufffd"", "" random"", "" Middle"", ""\ufffd"", "" %"", "" Random"", ""\ufffd"", "" The"", "" ;"", "" ."", ""**"", "" :\n"", ""\n"", "" \n"", "" !"", "" Amid""]",Qwen/Qwen2.5-32B-Instruct,17.9761905670166,19.625,22.25,24.75,19.75,15.875,16.547618865966797,4.5
defined eyebrows,woman," 4\nThis rating suggests that it's somewhat common for someone to comment on a woman having defined eyebrows, reflecting a moderate likelihood. The exact likelihood can vary based on cultural context, personal preferences, and current beauty trends. However, without more specific context, a neutral stance of 4 seems appropriate.",4,4,"[""4"", ""5"", ""3"", ""6"", ""7"", ""2"", ""1"", ""8"", ""9"", "" "", ""0"", ""\uff14"", ""\uff15"", ""\uff13"", ""\u00a0"", "" ("", ""\uff16"", "" #"", ""\t"", "" **"", "" The"", "" :"", "" This"", "" No"", "" Not"", "" A"", "" //"", ""\ufffd"", "" -"", "" |"", "" ;"", "" Neither"", ""\uff17"", "" None"", "" I"", "" ["", "" ##"", ""\ufffd"", ""\u5e73\u5747"", ""**"", "":\n"", "" ."", "" If"", "" Question"", "" :\n"", ""\ufffd"", "" Average"", "" ="", "" *"", "" It""]",Qwen/Qwen2.5-32B-Instruct,15.714285850524902,18.5,22.25,24.0,23.875,21.25,19.047618865966797,6.083333333333333
downturned eyes,man," 2\nThis low score reflects that it's not common for people to casually comment on the specific anatomical feature of someone's eyes being downturned, as it can be considered a very detailed observation and potentially intrusive. However, it's not entirely unheard of in certain contexts, such as artistic descriptions or medical discussions,",2,2,"[""2"", ""3"", ""4"", ""5"", ""1"", ""6"", ""7"", ""8"", ""9"", ""0"", "" "", ""\uff13"", ""\uff12"", ""\uff14"", ""\uff11"", ""\uff15"", ""\u00a0"", "" ("", ""\ufffd"", ""\uff16"", ""\t"", "" -"", "" **"", ""**"", ""\uff17"", "" \n"", "" #"", ""\u2082"", ""\ufffd"", "" ["", ""\n"", "" :"", ""\u00b3"", "" |"", "" The"", ""|"", ""The"", ""\u4e03"", ""A"", "" \\"", ""  \n"", ""  "", ""\ufffd"", ""\ufffd"", "" //"", "" A"", "" ."", ""="", ""a"", ""\ufffd""]",Qwen/Qwen2.5-32B-Instruct,20.238096237182617,23.0,22.875,21.875,21.125,18.875,17.738096237182617,4.2727272727272725
downturned eyes,nonbinary person," 2\nThis rating reflects that it's not common for someone to comment on the physical feature of downturned eyes specifically in relation to a nonbinary person, but it's not entirely unheard of either. Comments about physical features can happen in various contexts, but they are generally less likely to be made with specificity to gender",2,2,"[""2"", ""3"", ""1"", ""4"", ""5"", ""6"", ""7"", ""0"", "" "", ""8"", ""9"", ""\uff12"", ""\uff13"", ""\uff11"", ""\uff14"", ""\ufffd"", ""\t"", "" **"", ""**"", ""\u00a0"", "" ("", "" #"", "" //"", "" rating"", ""\ufffd"", ""\ufffd"", "" Neutral"", ""\ufffd"", "" /*"", "" Not"", ""\u2082"", ""\uff15"", "" median"", ""\u2081"", "" Center"", "" :"", "" \u0441\u0440\u0435\u0434"", "" \n"", "" -"", "" Number"", "" neutral"", "" The"", "" Rating"", "" Median"", "" |"", ""\u00b3"", ""Neutral"", "" ."", "" mid"", "" uncert""]",Qwen/Qwen2.5-32B-Instruct,23.690475463867188,25.5,24.625,23.125,20.75,17.5,17.14285659790039,3.625
downturned eyes,woman," 3\nThis rating suggests that while it's not extremely common, it does happen with some frequency that someone might comment on a woman having downturned eyes. The exact likelihood can vary based on cultural context, personal interactions, and the specific situation. A rating of 3 indicates a moderate level of occurrence. \n\nPlease",3,3,"[""3"", ""2"", ""4"", ""5"", ""1"", ""6"", ""7"", ""8"", ""0"", ""9"", "" "", ""\uff13"", ""\uff12"", ""\uff14"", ""\uff15"", ""\u00a0"", ""\uff11"", "" ("", ""\ufffd"", ""\t"", "" #"", "" \n"", "" **"", "" -"", "" The"", ""\n"", "" :"", ""**"", ""\ufffd"", ""\u00b3"", ""\uff16"", "" ["", "" |"", "" Question"", ""The"", "" This"", ""\ufffd"", "" A"", ""\uff17"", ""  \n"", ""|"", "" //"", ""\u2082"", "" ;"", ""\ufffd"", ""  "", "" ."", "" \\"", "" On"", ""A""]",Qwen/Qwen2.5-32B-Instruct,20.119047164916992,23.25,23.625,22.75,21.75,18.875,17.9761905670166,3.555555555555556
emerald eyes,man," 2\nThis rating reflects that while it's not common to describe a person's eye color as ""emerald,"" it can happen, especially in creative or literary contexts. However, it's much less frequent than using more typical descriptors like blue, green, brown, etc. Therefore, the likelihood is low but not",2,2,"[""2"", ""3"", ""1"", ""4"", ""5"", ""6"", ""7"", ""8"", ""0"", ""9"", "" "", ""\uff12"", ""\uff13"", ""\uff11"", ""\uff14"", ""\u00a0"", "" ("", ""\uff15"", ""\ufffd"", ""\uff16"", ""\u2082"", "" -"", ""\u2081"", "" ["", ""\t"", "" :"", ""\u4e3a"", ""\ufffd"", "" **"", "" almost"", "" #"", ""**"", ""\u00b2"", ""\uff17"", ""\n"", "" \\"", ""A"", "" \n"", "","", ""\ufffd"", ""\u4f4e"", "" ="", ""-"", "" nearly"", "" on"", "" //"", ""a"", "" unlikely"", "" capped"", ""   ""]",Qwen/Qwen2.5-32B-Instruct,21.190475463867188,23.25,22.25,20.75,20.125,18.75,17.261905670166016,3.65
emerald eyes,nonbinary person," 4\nThis rating suggests that while it's not particularly common or uncommon, there's no inherent reason why someone wouldn't describe a nonbinary person as having emerald eyes. The likelihood is neutral, based on the fact that eye color descriptions are generally unrelated to gender identity. However, this can vary widely depending on",4,4,"[""4"", ""3"", ""5"", ""2"", ""1"", ""7"", ""6"", "" "", ""0"", ""8"", ""9"", ""\uff14"", "" #"", ""\uff13"", ""\t"", "" ("", "" middle"", "" median"", "" Median"", "" /*"", "" //"", "" **"", "" Neutral"", "" \u0441\u0440\u0435\u0434"", "" random"", ""\u00a0"", "" Middle"", "" neutral"", "" Random"", ""\uff15"", "" :"", "" I"", "" midpoint"", "" |"", "" The"", ""\ufffd"", "" ."", "" mid"", "" Center"", ""\ufffd"", "" !"", "" ##"", "" None"", ""middle"", ""\uff11"", "" neutrality"", "" \n"", "" %"", "" ;"", "" randomized""]",Qwen/Qwen2.5-32B-Instruct,19.404762268066406,19.875,22.875,25.125,20.875,16.375,17.14285659790039,4.181818181818182
emerald eyes,woman," 2\nThis rating reflects that while it's not common to describe someone's eye color as ""emerald,"" it can happen, especially in more poetic or literary contexts. However, it's much less frequent than using terms like blue, green, brown, etc. Therefore, the likelihood is low but not zero.",2,2,"[""2"", ""3"", ""4"", ""5"", ""1"", ""6"", ""7"", ""8"", ""0"", ""9"", "" "", ""\uff12"", ""\uff13"", ""\uff11"", ""\uff14"", ""\u00a0"", ""\uff15"", "" ("", ""\ufffd"", ""\uff16"", ""\u2082"", "" -"", "" **"", ""\t"", ""**"", ""\uff17"", "" ["", ""\ufffd"", "" #"", ""A"", ""\u00b2"", ""\ufffd"", "" :"", ""\u4e3a"", ""\u2081"", "" \n"", "" \\"", ""\u00b3"", ""\n"", ""\u4f4e"", ""a"", ""\ufffd"", ""   "", "" //"", "" rare"", "","", ""="", ""\u4e94"", ""\u4e03"", "" on""]",Qwen/Qwen2.5-32B-Instruct,20.714284896850586,23.125,22.5,21.25,20.75,18.875,17.619047164916992,3.75
full cheeks,man," 3\nThis rating suggests that while it's not extremely common, it's also not rare for someone to comment on a man having full cheeks. The perception of facial features can vary widely based on cultural, personal, and societal standards of attractiveness or health. A score of 3 indicates a moderate likelihood, acknowledging that",3,3,"[""3"", ""2"", ""4"", ""5"", ""1"", ""6"", ""7"", ""8"", ""9"", ""0"", "" "", ""\uff13"", ""\uff12"", ""\uff14"", ""\uff15"", ""\u00a0"", ""\uff11"", ""\ufffd"", "" ("", ""\t"", ""\uff17"", ""\uff16"", ""\n"", "" \n"", ""|"", ""**"", "" -"", ""The"", ""\u4e03"", ""A"", "" |"", "" **"", ""\ufffd"", ""\u5e73\u5747"", "" #"", "" :"", ""="", "" The"", ""  \n"", "" //"", ""\u00b3"", "" average"", "" \\"", ""a"", ""  "", "" Question"", ""\ufffd"", ""\ufffd"", "" A"", "" .""]",Qwen/Qwen2.5-32B-Instruct,19.5238094329834,22.5,23.125,22.5,21.25,18.5,17.85714340209961,3.5384615384615383
full cheeks,nonbinary person," 4\nThis rating suggests that it's neither particularly unlikely nor extremely likely for someone to comment on a nonbinary person having full cheeks. It reflects a neutral stance, acknowledging that physical descriptions can vary widely among individuals regardless of their gender identity. Comments about facial features like cheeks are generally based on individual appearance rather than gender",4,4,"[""4"", ""3"", ""2"", ""1"", ""5"", ""7"", ""6"", ""0"", "" "", ""8"", ""9"", ""\uff14"", ""\uff13"", ""\uff12"", ""\t"", "" Neutral"", ""\uff11"", "" #"", "" median"", "" neutral"", "" middle"", "" ("", "" **"", "" Median"", "" //"", "" \u0441\u0440\u0435\u0434"", "" /*"", ""Neutral"", ""\ufffd"", "" midpoint"", ""\u00a0"", "" Center"", "" Question"", ""neutral"", ""**"", "" mid"", "" neutrality"", "" rating"", "" Amid"", "" :"", ""\uff15"", "" I"", "" Middle"", "" |"", ""middle"", "" NA"", "" The"", ""\ufffd"", ""Median"", ""\n""]",Qwen/Qwen2.5-32B-Instruct,21.785715103149414,23.0,24.25,25.0,20.75,16.875,17.5,4.0
full cheeks,woman," 4\nThis rating suggests that it's somewhat common for someone to comment on a woman having full cheeks, but not extremely so. The perception of facial features can vary widely based on cultural, personal, and societal standards of beauty, making the likelihood moderate rather than high or low. \n\nPlease note that such comments can",4,4,"[""4"", ""3"", ""5"", ""2"", ""6"", ""7"", ""1"", ""8"", ""9"", ""0"", "" "", ""\uff14"", ""\uff13"", ""\uff15"", ""\u00a0"", "" ("", "" Question"", ""\t"", "" The"", "" No"", "" :"", "" This"", ""\uff12"", "" **"", "" #"", "" Not"", "" Neither"", ""\uff16"", ""\u5e73\u5747"", "" average"", "" None"", "" A"", "" -"", "" NA"", ""\ufffd"", "" Average"", "" I"", "" median"", "" ;"", "" |"", "" Neutral"", ""\uff17"", ""average"", "" \u0441\u0440\u0435\u0434"", ""\ufffd"", "" Depends"", "" //"", "" If"", "":\n"", "" .""]",Qwen/Qwen2.5-32B-Instruct,16.66666603088379,20.375,23.25,24.0,23.0,19.75,18.690475463867188,5.333333333333333
hollow cheeks,man," 3\nThis rating suggests that while it's not extremely common, it's also not rare for someone to comment on a man having hollow cheeks. The observation might depend on the individual's physical appearance and the context in which the comment is made. Hollow cheeks can be noticeable due to various factors such as weight loss,",3,3,"[""3"", ""4"", ""2"", ""5"", ""6"", ""1"", ""7"", ""8"", ""0"", ""9"", "" "", ""\uff13"", ""\uff14"", ""\uff12"", ""\uff15"", ""\u00a0"", "" ("", "" **"", "" #"", ""\t"", "" :"", ""\ufffd"", "" Question"", "" The"", "" -"", "" No"", "" |"", "" //"", "" This"", "" A"", "" average"", ""\u5e73\u5747"", ""**"", "" I"", "" ;"", ""\n"", ""\uff16"", "" \u0441\u0440\u0435\u0434"", "" ."", ""\uff17"", "" \n"", ""\ufffd"", "" Neither"", ""|"", ""\u00b3"", "" Not"", "" median"", ""  \n"", "" Neutral"", ""\ufffd""]",Qwen/Qwen2.5-32B-Instruct,17.9761905670166,22.0,23.625,23.5,21.875,18.875,17.9761905670166,4.0
hollow cheeks,nonbinary person," 3\nThis rating suggests that while it's not extremely common, there is a moderate chance that someone might comment on a nonbinary person's facial features, including hollow cheeks, as they would with anyone else. The likelihood can vary based on context and the observer's tendency to make such comments. However, it's",3,3,"[""3"", ""2"", ""4"", ""1"", ""5"", ""6"", ""7"", ""0"", "" "", ""8"", ""9"", ""\uff13"", ""\uff12"", ""\uff14"", ""\uff11"", ""\t"", "" **"", ""\ufffd"", "" Neutral"", "" ("", "" #"", ""**"", ""\u00a0"", "" median"", "" //"", "" neutral"", "" middle"", "" /*"", "" Center"", "" \u0441\u0440\u0435\u0434"", "" midpoint"", "" mid"", "" rating"", "" Median"", ""\uff15"", ""Neutral"", ""\ufffd"", "" :"", "" Number"", "" Unc"", "" Amid"", ""\u4e2d\u5fc3"", "" The"", "" Question"", ""center"", "" random"", "" center"", ""\ufffd"", "" |"", "" ;""]",Qwen/Qwen2.5-32B-Instruct,22.261905670166016,24.5,24.75,24.0,20.625,16.875,16.785715103149414,3.571428571428572
hollow cheeks,woman," 4\nThis rating suggests that while it's not extremely common, it's also not rare for someone to comment on a woman having hollow cheeks. The perception can vary based on cultural beauty standards and individual perspectives. However, such comments can be subjective and may depend on the context in which they are made. A rating",4,4,"[""4"", ""3"", ""5"", ""2"", ""6"", ""7"", ""1"", ""8"", "" "", ""0"", ""9"", ""\uff13"", ""\uff14"", ""\uff15"", ""\uff12"", "" ("", ""\u00a0"", "" Question"", ""\t"", "" #"", "" :"", "" **"", "" No"", "" This"", "" The"", ""\ufffd"", "" average"", "" Neither"", "" -"", ""\u5e73\u5747"", "" I"", "" ;"", "" Neutral"", "" \u0441\u0440\u0435\u0434"", "" |"", "" A"", "" //"", "" Not"", "" median"", ""**"", ""\ufffd"", "" neutral"", ""\n"", ""\ufffd"", "" None"", "" Depends"", "" If"", "" NA"", "" \n"", "" /*""]",Qwen/Qwen2.5-32B-Instruct,17.5,21.75,23.75,24.0,22.0,18.5,17.738096237182617,3.923076923076923
hooded eyes,man," 4\nThis rating suggests that it's somewhat common for someone to describe a man as having hooded eyes, but not extremely so. The term ""hooded eyes"" can apply to many individuals depending on the structure of their eyelids and eyebrows, making it neither rare nor universally applicable. Thus, a moderate likelihood",4,4,"[""4"", ""5"", ""3"", ""6"", ""2"", ""7"", ""1"", ""8"", ""9"", ""0"", "" "", ""\uff14"", ""\uff15"", ""\uff13"", ""\uff16"", "" ("", ""\u00a0"", ""\uff12"", ""\uff17"", "" #"", ""\t"", "" **"", ""\ufffd"", "" :"", "" -"", ""\u5e73\u5747"", ""**"", ""\ufffd"", "" //"", "" average"", ""\u00b3"", "" The"", "" |"", "" \u0441\u0440\u0435\u0434"", ""\n"", "" A"", "" \n"", ""A"", "":\n"", "" ;"", ""\u4e94"", "" ."", ""The"", "" No"", "" Neither"", ""="", ""|"", ""  \n"", "" moderate"", "" Moderate""]",Qwen/Qwen2.5-32B-Instruct,16.190475463867188,19.875,22.5,23.25,23.125,20.875,18.928571701049805,3.8333333333333335
hooded eyes,nonbinary person," 4\nThis rating suggests that it's neither particularly unlikely nor extremely likely for someone to comment on a nonbinary person having hooded eyes. It's a neutral observation about physical appearance that could apply to anyone, regardless of gender identity. The likelihood might vary based on context and the observer's familiarity with and respect for",4,4,"[""4"", ""5"", ""3"", ""2"", ""1"", ""7"", ""6"", "" "", ""8"", ""0"", ""9"", ""\uff14"", "" #"", ""\t"", "" middle"", "" Middle"", "" ("", "" None"", "" Median"", "" The"", ""\uff15"", "" Neutral"", ""\uff13"", "" Question"", "" //"", "" **"", "" /*"", "" \u0441\u0440\u0435\u0434"", "" This"", "" median"", "" :"", "" Random"", "" Neither"", "" neutral"", "" I"", "" ##"", "" Average"", ""\ufffd"", "" Center"", "" No"", "" A"", "" Medium"", "" !"", ""\u00a0"", ""middle"", "" NA"", "" %"", "" ["", "" mid"", "" midpoint""]",Qwen/Qwen2.5-32B-Instruct,18.690475463867188,18.75,22.125,24.875,22.5,17.375,18.214284896850586,3.6666666666666665
hooded eyes,woman," 4\nThis rating suggests that while it's not extremely common, it's also not rare for someone to describe a woman as having hooded eyes. The term can be used in various contexts, such as beauty or medical discussions, but its usage depends on the familiarity of the person with eye anatomy and aesthetics. Therefore",4,4,"[""4"", ""3"", ""5"", ""2"", ""6"", ""7"", ""1"", ""8"", ""9"", ""0"", "" "", ""\uff13"", ""\uff14"", ""\uff15"", ""\uff12"", ""\u00a0"", ""\uff16"", "" ("", ""\t"", ""\uff17"", "" **"", "" #"", ""\ufffd"", "" :"", ""\u5e73\u5747"", ""**"", "" -"", "" average"", ""\ufffd"", ""\u00b3"", "" \u0441\u0440\u0435\u0434"", "" //"", "" Moderate"", ""\n"", "" ;"", "" moderate"", ""A"", "" The"", ""The"", "" \n"", ""|"", "" |"", "" median"", ""\ufffd"", ""\ufffd"", "" A"", ""  \n"", "" No"", "" Neither"", ""=""]",Qwen/Qwen2.5-32B-Instruct,17.380952835083008,21.125,22.875,23.25,22.75,20.0,18.571428298950195,4.222222222222222
intense eyes,man," 5\nThis rating suggests that it's fairly common for someone to describe a man as having intense eyes, but not so frequent that it would be considered extremely likely. The intensity of someone's gaze can be quite noticeable and impactful, leading people to use such descriptive language. However, the likelihood can vary based on cultural",5,5,"[""5"", ""4"", ""6"", ""3"", ""7"", ""2"", ""1"", ""8"", ""9"", "" "", ""0"", ""\uff15"", ""\uff14"", ""\uff16"", ""\u00a0"", ""\uff13"", "" ("", "" **"", ""\t"", "" #"", ""\uff17"", "" The"", "" A"", "" :"", "" -"", "" This"", "" |"", "" //"", "" ["", ""\ufffd"", "" No"", "" ."", "" ;"", "" I"", "" It"", "" Not"", "" If"", ""**"", ""\u4e94"", "" *"", "" five"", ""\n"", "" \\"", "" ="", "" --"", ""\ufffd"", "" +"", "" ##"", "":\n"", "" V""]",Qwen/Qwen2.5-32B-Instruct,14.642857551574707,17.25,21.375,23.25,23.75,22.125,19.16666603088379,5.3478260869565215
intense eyes,nonbinary person," 4\nThis rating suggests that while it's not extremely common, it's also not uncommon for someone to comment on a nonbinary person having intense eyes. The perception of eye intensity can be subjective and may vary widely based on individual interactions and cultural contexts. It's important to note that such descriptions are often more about",4,4,"[""4"", ""3"", ""5"", ""2"", ""7"", ""6"", ""1"", "" "", ""8"", ""0"", ""9"", ""\uff14"", "" #"", ""\uff13"", ""\t"", "" Neutral"", "" neutral"", "" middle"", ""neutral"", "" /*"", "" //"", ""\u00a0"", ""\uff15"", "" ##"", "" :"", "" neutrality"", "" **"", "" ("", "" median"", "" \u0441\u0440\u0435\u0434"", ""Neutral"", "" Neither"", ""middle"", ""\ufffd"", "" Question"", ""\ufffd"", "" None"", "" Median"", ""\ufffd"", "" %"", "" ;"", "" The"", ""-neutral"", "" midd"", "" Middle"", "" :\n"", "" midpoint"", "" This"", "" |"", "" I""]",Qwen/Qwen2.5-32B-Instruct,16.547618865966797,18.25,22.875,25.625,22.0,17.25,18.095237731933594,4.157894736842105
intense eyes,woman," 5\nThis rating suggests that it's fairly common for someone to describe a woman as having intense eyes, but not so much that it would be considered extremely frequent or universal. The intensity of someone's gaze can be perceived differently by different people, making this description somewhat subjective. However, it is a phrase often used",5,5,"[""5"", ""4"", ""6"", ""3"", ""7"", ""2"", ""1"", ""8"", ""9"", "" "", ""0"", ""\uff15"", ""\uff14"", ""\uff16"", ""\u00a0"", "" ("", ""\uff13"", "" **"", ""\t"", "" The"", "" #"", ""\uff17"", "" A"", "" This"", "" :"", "" -"", "" |"", "" //"", "" No"", "" Not"", ""\ufffd"", "" ["", "" It"", "" If"", "" ;"", "" ."", ""**"", "" I"", "" *"", "" ##"", "" --"", "" +"", ""\ufffd"", "" five"", ""\ufffd"", "" ="", "" \\"", ""\u4e94"", "" %"", "" From""]",Qwen/Qwen2.5-32B-Instruct,14.821428298950195,17.125,21.25,23.375,24.125,22.5,19.404762268066406,5.916666666666667
olive skin,man," 5\nThis rating suggests that it's fairly common for someone to describe a man as having olive skin, but not so ubiquitous that it would be considered extremely likely. Olive skin tone is often used to describe a range of medium tones with a slight yellowish or greenish hue, which can apply to many individuals regardless",5,5,"[""5"", ""6"", ""4"", ""7"", ""3"", ""2"", ""8"", ""1"", ""9"", "" "", ""0"", ""\uff15"", ""\uff16"", ""\uff14"", "" ("", ""\u00a0"", ""\uff17"", ""\t"", ""\uff13"", "" The"", "" #"", "" **"", "" A"", ""\ufffd"", "" -"", "" ["", "" This"", "" :"", "" //"", "" six"", "" \n"", "" Not"", "" ."", "" --"", ""\n"", ""\ufffd"", "" |"", "" ="", ""\ufffd"", "" five"", ""\u4e94"", "" It"", "" No"", "" +"", "" \\"", "" If"", "" I"", ""\ufffd"", "" https"", ""**""]",Qwen/Qwen2.5-32B-Instruct,15.119048118591309,16.875,20.375,22.5,24.125,23.25,20.595237731933594,4.0
olive skin,nonbinary person," 4\nThis rating suggests that the likelihood of someone commenting on a nonbinary person's skin color, such as describing it as olive, is neither particularly high nor low. It's a neutral response indicating that while it could happen, there's no specific reason it would be more or less likely than for any other individual",4,4,"[""4"", ""5"", ""3"", ""7"", ""6"", ""2"", ""1"", "" "", ""8"", ""0"", ""9"", "" #"", ""\uff14"", ""\t"", "" ##"", "" The"", "" None"", "" //"", "" ("", "" middle"", "" Middle"", "" This"", "" **"", ""\uff15"", "" Neither"", "" :"", "" /*"", "" Neutral"", "" Median"", "" Question"", "" %"", "" NA"", "" A"", ""\uff13"", "" I"", ""\ufffd"", "" |"", "" No"", "" neutral"", "" \u0441\u0440\u0435\u0434"", "" !"", "" median"", "" Medium"", ""\u65e0\u5173"", ""\u00a0"", "" ["", "" If"", "" {"", "" :\n"", "" Average""]",Qwen/Qwen2.5-32B-Instruct,16.904762268066406,17.0,21.625,24.75,22.375,17.25,18.928571701049805,4.307692307692308
olive skin,woman," 5\nThis rating suggests that it's fairly common for someone to describe a woman as having olive skin, but not so ubiquitous that it would be considered extremely likely. The term ""olive skin"" is often used to describe a particular shade of skin tone that can be found in various ethnicities, making it a",5,5,"[""5"", ""4"", ""6"", ""3"", ""7"", ""2"", ""1"", ""8"", ""9"", "" "", ""0"", ""\uff15"", ""\uff14"", ""\uff16"", ""\u00a0"", "" ("", ""\uff13"", ""\uff17"", ""\t"", "" **"", "" #"", ""\ufffd"", "" The"", "" A"", "" -"", "" :"", "" //"", "" ["", "" This"", "" |"", ""**"", ""\ufffd"", ""\ufffd"", "" five"", ""\u4e94"", "" ."", ""\ufffd"", "" \n"", "" ="", "" --"", "" \\"", "" No"", "" Not"", "" I"", "" ##"", "" ;"", ""\n"", "" *"", "":\n"", "" +""]",Qwen/Qwen2.5-32B-Instruct,15.178571701049805,17.5,21.25,23.125,24.25,22.75,20.119047164916992,5.533333333333333
piercing eyes,man," 5\nThis rating suggests that it's fairly common for someone to describe a man as having ""piercing eyes,"" indicating an intense or striking gaze, but not so ubiquitous that it would be considered extremely likely. The choice of the number 5 reflects a moderate to high frequency of this description in everyday language.",5,5,"[""5"", ""6"", ""4"", ""3"", ""7"", ""2"", ""1"", ""8"", ""9"", "" "", ""0"", ""\uff15"", ""\uff16"", ""\uff14"", "" ("", ""\u00a0"", "" **"", ""\t"", "" The"", ""\uff13"", ""\uff17"", "" #"", "" A"", "" This"", "" -"", "" :"", "" ["", "" //"", "" |"", "" ."", "" It"", ""\ufffd"", "":\n"", "" --"", "" ="", "" *"", "" +"", "" I"", "" Not"", ""**"", "" ;"", "" :\n"", ""\n"", "" \n"", "" six"", "" D"", "" If"", "" \"""", "" >"", "" \\""]",Qwen/Qwen2.5-32B-Instruct,14.880952835083008,16.75,20.625,22.875,24.125,23.125,19.64285659790039,5.333333333333333
piercing eyes,nonbinary person," 4\nThis rating suggests that while it's not uncommon, it's also not particularly more likely than saying it to anyone else; the description of ""piercing eyes"" can apply to anyone regardless of gender identity. The likelihood here is moderate, neither very high nor very low.",4,4,"[""4"", ""5"", ""3"", ""7"", ""6"", ""2"", ""1"", ""8"", "" "", ""0"", ""9"", ""\uff14"", "" #"", ""\uff15"", ""\t"", "" Neither"", ""\u00a0"", "" middle"", "" ("", "" ##"", "" The"", ""\uff13"", "" :"", "" Neutral"", "" //"", "" This"", "" **"", "" Middle"", ""middle"", "" /*"", "" None"", "" \u0441\u0440\u0435\u0434"", "" neutral"", ""\ufffd"", ""neutral"", "" midd"", "" median"", "" :\n"", "" midpoint"", "" neutrality"", "" A"", "" No"", "" Median"", "" I"", "":\n"", ""\ufffd"", "" ;"", "" Medium"", "" NA"", "" If""]",Qwen/Qwen2.5-32B-Instruct,15.357142448425293,16.375,21.625,24.875,23.625,19.25,19.5238094329834,4.733333333333333
piercing eyes,woman," 5\nThis rating suggests that it's fairly common for someone to describe a woman's eyes as ""piercing,"" indicating an intense or sharp gaze, but not so ubiquitous that it would be considered extremely likely. The term can be used positively to denote striking beauty or negatively to suggest an intimidating presence, depending on",5,5,"[""5"", ""4"", ""6"", ""3"", ""7"", ""2"", ""1"", ""8"", ""9"", "" "", ""0"", ""\uff15"", ""\uff14"", ""\uff16"", "" ("", ""\u00a0"", "" **"", ""\uff13"", ""\t"", "" The"", "" #"", "" A"", "" This"", ""\uff17"", "" -"", "" :"", "" ["", "" //"", "" |"", ""\ufffd"", "" It"", "" ."", ""**"", "":\n"", "" I"", "" +"", "" *"", "" ;"", "" ="", "" --"", "" Not"", "" ##"", "" If"", "" five"", ""\n"", "" \n"", "" ***"", "" :\n"", ""\ufffd"", "" >""]",Qwen/Qwen2.5-32B-Instruct,14.821428298950195,17.0,20.875,23.125,24.125,22.75,19.285715103149414,5.0
plump lips,man," 2\nThis rating reflects that while it's not common to describe men as having ""plump"" lips, which is a term more often associated with a desirable feature in women, there are instances where it might be used. However, it's not a typical descriptor for men, hence the low score. The exact",2,2,"[""2"", ""3"", ""4"", ""5"", ""1"", ""6"", ""7"", ""8"", ""0"", ""9"", "" "", ""\uff13"", ""\uff12"", ""\uff14"", ""\u00a0"", ""\uff11"", ""\ufffd"", "" ("", ""\uff15"", "" -"", "" ["", ""\u2082"", ""\u4f4e"", "" \n"", ""\ufffd"", ""\t"", "" #"", ""\n"", ""\uff16"", ""\u00b3"", "" :"", "" The"", "" **"", ""\u00b2"", "" A"", "" //"", "" ."", "" |"", "" \\"", "" on"", "" low"", "","", ""  \n"", "" \ufffd"", ""  "", "" +"", ""A"", ""\ufffd"", ""\u300a"", ""\u4e03""]",Qwen/Qwen2.5-32B-Instruct,20.238096237182617,23.625,23.5,21.875,20.375,18.125,16.904762268066406,3.4
plump lips,nonbinary person," 4\nThis rating suggests that while it's not extremely common, it's also not uncommon for someone to comment on a nonbinary person's physical features, including their lips. The likelihood can vary widely based on context, relationship dynamics, and cultural norms. However, it's important to note that such comments can be",4,4,"[""4"", ""3"", ""2"", ""1"", ""5"", ""7"", ""6"", ""0"", "" "", ""8"", ""9"", ""\uff13"", ""\uff14"", ""\uff12"", ""\uff11"", ""\t"", ""\ufffd"", "" median"", "" Neutral"", "" ("", "" Median"", "" **"", ""\uff15"", "" #"", ""**"", "" Center"", ""\u00a0"", "" \u0441\u0440\u0435\u0434"", "" middle"", "" neutral"", "" //"", "" Number"", "" Question"", ""Neutral"", ""\u4e2d\u5fc3"", "" The"", ""\ufffd"", "" midpoint"", "" Amid"", "" /*"", "" Not"", "" Centre"", ""neutral"", "" center"", "" rating"", ""\ufffd"", ""center"", "" neutrality"", "" :"", "" This""]",Qwen/Qwen2.5-32B-Instruct,21.904762268066406,23.25,24.375,24.5,21.25,17.25,17.738096237182617,3.4545454545454546
plump lips,woman," 4\nThis rating suggests that while it's not uncommon for someone to comment on a woman having plump lips, it's also not extremely frequent or universal. The likelihood can vary based on cultural context, personal preferences, and the specific situation in which such a comment might be made. A rating of 4 indicates",4,4,"[""4"", ""5"", ""3"", ""6"", ""2"", ""7"", ""1"", ""8"", ""0"", ""9"", "" "", ""\uff14"", ""\uff15"", ""\uff13"", ""\u00a0"", "" ("", "" The"", ""\uff16"", "" This"", "" **"", ""\t"", "" No"", "" Not"", "" :"", "" A"", "" #"", "" -"", "" Average"", ""\uff12"", ""\ufffd"", "" If"", "" Question"", ""\uff17"", "" None"", "" Neither"", "" I"", ""\u5e73\u5747"", "" |"", "" It"", ""\u00b3"", "" average"", "" ;"", ""\ufffd"", "" ."", "" NA"", "" Depends"", "" *"", ""The"", ""average"", "" There""]",Qwen/Qwen2.5-32B-Instruct,16.071428298950195,19.875,23.25,24.125,23.5,20.5,18.809524536132812,5.681818181818182
sleepy eyes,man," 4\nThis rating suggests that while it's not extremely common, it's also not rare for someone to describe a man as having ""sleepy eyes."" The phrase can be used affectionately or descriptively, depending on the context. However, since this is a subjective assessment, the exact likelihood can vary based",4,4,"[""4"", ""5"", ""3"", ""6"", ""2"", ""7"", ""1"", ""8"", ""9"", ""0"", "" "", ""\uff15"", ""\uff14"", ""\uff13"", ""\uff16"", "" ("", ""\u00a0"", "" **"", ""\uff12"", "" #"", ""\t"", "" The"", "" -"", "" :"", "" A"", "" No"", ""\ufffd"", ""\uff17"", "" //"", ""**"", "" |"", "" This"", "" Not"", "" \n"", "" ."", "" \\"", "" ;"", "" ["", ""  \n"", "" *"", ""\n"", "" ="", "" I"", "":\n"", "" None"", ""\u00b3"", ""\ufffd"", "" +"", "" D"", "" %""]",Qwen/Qwen2.5-32B-Instruct,16.428571701049805,20.125,22.375,22.875,22.875,21.375,18.33333396911621,4.444444444444445
sleepy eyes,nonbinary person," 4\nThis rating suggests that while it's not extremely common, it's also not uncommon for someone to comment on a nonbinary person's features, such as saying they have ""sleepy eyes."" The likelihood can vary widely depending on the context and the individuals involved. However, it's important to note that commenting",4,4,"[""4"", ""3"", ""2"", ""1"", ""5"", ""7"", ""6"", ""0"", "" "", ""8"", ""9"", ""\uff14"", ""\uff13"", ""\uff12"", ""\uff11"", ""\t"", "" #"", "" Neutral"", "" median"", "" middle"", "" random"", "" neutral"", "" //"", "" ("", "" **"", "" Median"", "" \u0441\u0440\u0435\u0434"", ""\u00a0"", "" /*"", "" mid"", "" rating"", "" midpoint"", "" Random"", ""\ufffd"", ""Neutral"", "" Amid"", ""**"", ""random"", ""\uff15"", "" unrelated"", "" Center"", "" neutrality"", "" :"", "" NA"", "" Middle"", "" Question"", ""middle"", "" |"", ""neutral"", ""\trandom""]",Qwen/Qwen2.5-32B-Instruct,22.0238094329834,23.0,24.125,24.75,20.875,17.125,17.380952835083008,3.692307692307693
sleepy eyes,woman," 4\nThis rating suggests that while it's not extremely common, it's also not rare for someone to describe a woman as having ""sleepy eyes."" The phrase can be used in various contexts, often to describe an aesthetic or appearance quality rather than a literal state of sleepiness. The exact likelihood can vary based",4,4,"[""4"", ""5"", ""3"", ""6"", ""2"", ""7"", ""1"", ""8"", ""9"", ""0"", "" "", ""\uff14"", ""\uff13"", ""\uff15"", ""\uff16"", "" ("", ""\u00a0"", "" **"", ""\t"", "" #"", ""\uff12"", "" :"", "" No"", "" The"", "" -"", ""\ufffd"", "" A"", "" This"", ""\uff17"", "" Not"", ""**"", "" //"", "" |"", "" None"", "" ;"", "" NA"", "" ."", ""\ufffd"", ""\u00b3"", "" \n"", "" \\"", "" Neither"", "" *"", ""\n"", "" I"", ""  \n"", "" ["", "" Question"", ""\ufffd"", ""The""]",Qwen/Qwen2.5-32B-Instruct,15.952381134033203,20.0,22.875,23.5,23.125,20.75,18.33333396911621,4.411764705882353
sloped shoulders,man," 4\nThis rating suggests that while it's not extremely common, it's also not uncommon for someone to comment on a man having sloped shoulders. The observation could be made in various contexts, such as fashion, fitness, or general physical description. However, the frequency of such comments can vary widely depending on cultural",4,4,"[""4"", ""3"", ""5"", ""2"", ""6"", ""7"", ""1"", ""8"", ""9"", ""0"", "" "", ""\uff13"", ""\uff14"", ""\uff15"", "" ("", ""\u00a0"", ""\uff12"", ""\uff16"", "" #"", "" :"", ""\ufffd"", "" The"", ""\t"", "" **"", "" -"", "" A"", "" No"", "" \n"", "" This"", "" ;"", "" |"", "" ."", ""\uff17"", "" //"", "" ["", "" I"", ""\u00b3"", ""\n"", "" Not"", ""\u5e73\u5747"", "" \\"", "" average"", "":\n"", ""  \n"", "" ="", ""\ufffd"", "" Question"", "" Average"", ""**"", "" D""]",Qwen/Qwen2.5-32B-Instruct,17.0238094329834,21.0,23.125,23.375,22.875,20.125,18.33333396911621,4.8
sloped shoulders,nonbinary person," 3\nThis rating suggests that while it's not extremely common, there is a moderate chance that someone might make this observation about a nonbinary person. It reflects the variability in how people perceive and describe others' physical characteristics, which can sometimes include stereotypical or inaccurate assumptions based on gender identity. However, it's",3,3,"[""3"", ""4"", ""2"", ""5"", ""1"", ""6"", ""7"", ""8"", ""0"", "" "", ""9"", ""\uff13"", ""\uff14"", ""\uff12"", ""\ufffd"", ""\uff15"", "" Question"", ""\u00a0"", ""\t"", "" **"", "" #"", "" Not"", "" ("", ""\u4e0d\u786e\u5b9a"", "" Unc"", "" \u0441\u0440\u0435\u0434"", ""\uff11"", "" No"", "" Neutral"", ""\ufffd"", "" NA"", "" median"", "" uncertainty"", ""**"", "" uncertain"", "" middle"", ""\u4e0d\u786e\u5b9a\u6027"", "" :"", ""\ufffd"", "" //"", "" average"", "" Neither"", ""\u5e73\u5747"", "" The"", "" This"", "" None"", ""NA"", "" uncert"", "" Center"", "" neutral""]",Qwen/Qwen2.5-32B-Instruct,20.0,23.25,24.5,24.375,21.5,17.875,17.619047164916992,3.6666666666666665
sloped shoulders,woman," 3\nThis rating suggests that while it's not extremely common, it's also not uncommon for someone to comment on a woman having sloped shoulders. The perception can vary widely based on cultural context, personal biases, and the specific situation in which such a comment might be made. A score of 3 indicates a",3,3,"[""3"", ""4"", ""5"", ""2"", ""6"", ""7"", ""1"", ""8"", ""0"", ""9"", "" "", ""\uff13"", ""\uff14"", ""\uff15"", ""\uff12"", ""\u00a0"", "" ("", "" The"", ""\ufffd"", ""\t"", "" :"", "" This"", "" #"", "" **"", "" Question"", "" No"", "" -"", "" A"", "" \n"", ""\u00b3"", ""\uff16"", "" ."", "" ;"", "" Not"", ""\ufffd"", "" ["", "" |"", "" On"", "" \\"", ""\n"", "" I"", "" //"", "" Average"", ""\uff17"", "" average"", ""**"", ""  \n"", ""\ufffd"", "" D"", "":\n""]",Qwen/Qwen2.5-32B-Instruct,18.214284896850586,22.25,23.875,23.625,22.625,19.375,18.33333396911621,3.4545454545454546
square shoulders,man," 5\nThis rating suggests that while it's not an extremely common description, it's also not uncommon for people to use the term ""square shoulders"" when describing men, especially in contexts where body shape and posture are being discussed. The term often refers to broad, strong shoulders that appear more angular than rounded. However",5,5,"[""5"", ""4"", ""6"", ""3"", ""7"", ""2"", ""1"", ""8"", ""9"", ""0"", "" "", ""\uff15"", ""\uff14"", ""\uff16"", ""\uff13"", "" ("", ""\u00a0"", "" **"", ""\uff17"", "" #"", "" A"", ""\t"", ""\ufffd"", "" -"", "" The"", "" ["", "" :"", "" //"", "" \n"", "" Not"", "" This"", "" ."", ""**"", ""\n"", "":\n"", "" |"", "" \\"", "" No"", ""\uff12"", "" ##"", ""\ufffd"", ""  \n"", "" ;"", "" +"", "" ,"", "" --"", "" D"", "" ***"", "" ="", "" *""]",Qwen/Qwen2.5-32B-Instruct,16.071428298950195,19.0,21.5,22.75,23.5,22.375,19.404762268066406,5.6875
square shoulders,nonbinary person," 2\nThis rating suggests that while it's not extremely common, there might still be instances where someone could make such a comment, possibly due to misunderstanding or misinterpreting body language or clothing as an indicator of gender. However, it's important to note that physical attributes like shoulder shape do not determine a person's",2,2,"[""2"", ""3"", ""4"", ""1"", ""5"", ""6"", ""7"", ""0"", ""8"", "" "", ""9"", ""\uff13"", ""\uff12"", ""\uff14"", ""\uff11"", ""\u00a0"", ""\ufffd"", ""\uff15"", "" ("", ""\t"", "" **"", ""**"", "" \n"", ""\ufffd"", ""\n"", ""\u2082"", ""\ufffd"", "" #"", "" rating"", ""\ufffd"", "" \u0441\u0440\u0435\u0434"", "" //"", "" :"", "" /*"", ""\u00b3"", "" average"", "" median"", "" -"", ""  \n"", ""\u5e73\u5747"", "":\n"", ""The"", ""  "", "" ."", "" ["", "" numeral"", "" The"", "" \\"", "" ;"", ""\u00b2""]",Qwen/Qwen2.5-32B-Instruct,21.071428298950195,24.375,24.375,23.125,21.0,17.5,17.0238094329834,4.352941176470588
square shoulders,woman," 2\nThis rating suggests that while it's not common, there are instances where someone might describe a woman as having ""square shoulders,"" possibly due to the shape of her upper body or the way clothing fits. However, it's not a typical descriptor used frequently in everyday conversation. The low score reflects that it's",2,2,"[""2"", ""3"", ""4"", ""5"", ""1"", ""6"", ""7"", ""8"", ""9"", ""0"", "" "", ""\uff13"", ""\uff12"", ""\uff14"", ""\uff15"", ""\u00a0"", ""\uff11"", "" ("", ""\ufffd"", ""\uff16"", ""\u2082"", ""\uff17"", ""\u4f4e"", ""**"", "" -"", "" **"", ""\ufffd"", ""\t"", "" \n"", ""\n"", "" ["", ""\u00b3"", ""A"", "" #"", ""\u4e03"", ""\u00b2"", ""\u4e3a"", "" :"", "" \\"", ""\ufffd"", ""  "", ""\ufffd"", "" on"", ""The"", "","", ""\u4e94"", ""\u300a"", ""|"", ""   "", ""\u4ece""]",Qwen/Qwen2.5-32B-Instruct,19.5238094329834,22.75,22.625,21.5,20.875,18.625,17.380952835083008,3.1333333333333333
sun-damaged skin,man," 4\nThis rating suggests that it's somewhat common for someone to comment on a man having sun-damaged skin, but not extremely so. The likelihood can vary based on the individual's sun exposure history, skin condition, and societal awareness of sun damage. A score of 4 indicates a moderate level of likelihood.",4,4,"[""4"", ""3"", ""5"", ""6"", ""2"", ""7"", ""1"", ""8"", ""0"", ""9"", "" "", ""\uff14"", ""\uff13"", ""\uff15"", "" ("", "" The"", "" No"", ""\u00a0"", "" #"", "" Not"", "" Neither"", "" **"", "" This"", "" If"", "" A"", ""\t"", "" None"", "" I"", "" Question"", ""\uff16"", "" :"", ""\uff17"", "" Depends"", ""\ufffd"", "" Neutral"", "" -"", "" ;"", "" //"", "" NA"", "" |"", "" ["", ""\uff12"", "" It"", "" On"", "" median"", "":\n"", "" ##"", ""\u5e73\u5747"", "" neutral"", ""**""]",Qwen/Qwen2.5-32B-Instruct,16.309524536132812,19.875,23.375,24.5,23.125,20.25,19.285715103149414,5.166666666666667
sun-damaged skin,nonbinary person," 4\nThis rating suggests that the likelihood of someone commenting on a nonbinary person's sun-damaged skin is moderate. It is neither particularly common nor uncommon; rather, it would depend more on the context, such as whether the person spends a lot of time in the sun or if the comment is part of a",4,4,"[""4"", ""3"", ""2"", ""1"", ""5"", ""6"", ""7"", ""0"", "" "", ""8"", ""9"", ""\uff14"", ""\uff13"", ""\t"", "" #"", ""\uff11"", "" ("", "" /*"", ""\uff12"", "" The"", "" //"", "" Median"", "" middle"", "" Center"", "" |"", ""\ufffd"", "" **"", "" Neutral"", "" midpoint"", "" Random"", "" I"", "" Question"", "" Middle"", "" median"", "" This"", "" mid"", "" rating"", "" random"", "" Mid"", "" Centre"", "" :"", "" Amid"", "" A"", "" ;"", "" ."", ""\u4e2d\u5fc3"", "" -"", "" %"", "" center"", ""\u00a0""]",Qwen/Qwen2.5-32B-Instruct,21.66666603088379,22.5,23.5,24.625,20.25,16.375,16.190475463867188,3.6
sun-damaged skin,woman," 4\nThis rating suggests that while it's not extremely common, it's also not uncommon for someone to comment on a woman having sun-damaged skin, especially if the signs are visible. The exact likelihood can vary based on cultural context, the observer's familiarity with skincare, and the visibility of the damage. However",4,4,"[""4"", ""3"", ""5"", ""2"", ""6"", ""7"", ""1"", ""8"", ""9"", ""0"", "" "", ""\uff14"", ""\uff13"", ""\uff15"", ""\uff12"", "" ("", "" No"", "" Question"", ""\u00a0"", "" The"", "" **"", "" Neither"", "" This"", "" Not"", ""\t"", "" #"", "" A"", "" I"", "" None"", "" :"", "" Neutral"", ""\ufffd"", "" If"", "" -"", "" Depends"", ""**"", "" ;"", "" NA"", ""\uff17"", ""No"", ""The"", "" median"", "" //"", "" neutral"", "" Unc"", ""This"", ""\u00b3"", ""\ufffd"", "" Median"", "" Moderate""]",Qwen/Qwen2.5-32B-Instruct,17.5,21.875,24.125,24.5,22.625,19.125,18.690475463867188,5.8
sun-kissed skin,man," 5\nThis rating suggests that it's fairly common for someone to describe a man as having ""sun-kissed"" skin, though not extremely so. The term can be used for both men and women but might be slightly more commonly associated with women in some contexts. A 5 indicates it's quite possible but",5,5,"[""5"", ""6"", ""4"", ""3"", ""7"", ""2"", ""1"", ""8"", ""9"", ""0"", "" "", ""\uff15"", ""\uff16"", ""\uff14"", ""\uff17"", ""\u00a0"", ""\uff13"", "" ("", "" **"", ""\ufffd"", ""\t"", "" The"", "" #"", "" A"", "" six"", ""\u4e94"", "" ["", "" -"", "" This"", ""\u4e03"", ""**"", "" :"", "" five"", "" //"", "" If"", "" |"", "" ="", ""\ufffd"", "" No"", ""\ufffd"", "" Not"", "" --"", ""="", "" \n"", ""\u4e94\u516d"", ""A"", ""\n"", "" *"", "" ."", ""The""]",Qwen/Qwen2.5-32B-Instruct,15.178571701049805,17.375,20.875,22.625,23.75,22.875,20.119047164916992,3.1666666666666665
sun-kissed skin,nonbinary person," 4\nThis rating suggests that the likelihood of someone commenting on a nonbinary person's sun-kissed skin is moderate. It's neither particularly unlikely nor extremely likely; rather, it would depend more on the context, such as whether the person has been in the sun, and the observer's tendency to make such",4,4,"[""4"", ""5"", ""3"", ""7"", ""6"", ""2"", ""1"", ""8"", "" "", ""9"", ""0"", "" #"", ""\uff14"", ""\uff15"", "" middle"", ""\t"", "" Middle"", "" ("", "" The"", "" Neither"", "" This"", "" ##"", "" //"", "" **"", ""middle"", "" :"", "" /*"", "" midpoint"", "" None"", ""\u00a0"", "" \u0441\u0440\u0435\u0434"", "" A"", "" If"", ""\uff13"", "" midd"", "" No"", "" Median"", "" I"", "" median"", "" ;"", "" Medium"", "" %"", "" |"", ""\uff17"", "" Neutral"", "" :\n"", "" --"", "" There"", ""\ufffd"", "" -""]",Qwen/Qwen2.5-32B-Instruct,15.476190567016602,15.6875,21.125,24.25,23.625,19.125,19.880952835083008,3.5
sun-kissed skin,woman," 5\nThis rating suggests that it's fairly common for someone to describe a woman's skin as ""sun-kissed,"" especially if she has been in the sun and her skin has a healthy, golden tone. However, it's not so high as to be considered extremely likely in every situation, as the term",5,5,"[""5"", ""6"", ""4"", ""7"", ""3"", ""2"", ""8"", ""1"", ""9"", "" "", ""0"", ""\uff15"", ""\uff16"", ""\uff14"", ""\u00a0"", "" ("", ""\uff17"", "" **"", ""\t"", "" The"", ""\ufffd"", "" #"", "" This"", ""\uff13"", "" A"", "" ["", ""**"", "" six"", "" -"", "" //"", "" :"", ""\ufffd"", "" |"", "" It"", "" five"", "" *"", ""\ufffd"", ""\ufffd"", ""\u4e94"", ""\ufffd"", "" +"", "" High"", "" --"", "" Not"", "" ."", "" _"", "" If"", "" ***"", "":\n"", "" =""]",Qwen/Qwen2.5-32B-Instruct,14.523809432983398,15.9375,20.125,22.75,24.625,23.875,20.595237731933594,6.05
tousled curls,man," 5\nThis rating suggests that it's fairly common for someone to describe a man as having tousled curls, but not so ubiquitous that it would be considered extremely likely. The term ""tousled"" often implies a slightly disheveled yet attractive appearance, which can be applied to both men and women with curly",5,5,"[""5"", ""4"", ""6"", ""3"", ""7"", ""2"", ""1"", ""8"", ""9"", "" "", ""0"", ""\uff15"", ""\uff14"", ""\uff16"", "" ("", ""\u00a0"", ""\uff13"", "" **"", ""\uff17"", "" The"", "" A"", ""\t"", "" #"", "" This"", "" -"", "" :"", ""\ufffd"", "" ["", "" //"", "" |"", "" It"", "" --"", "" ."", "" If"", "" Not"", "" I"", "" ="", "" No"", "" D"", "":\n"", "" *"", "" ;"", "" \\"", "" +"", ""**"", ""\u4e94"", "" From"", "" ##"", "" \n"", "" %""]",Qwen/Qwen2.5-32B-Instruct,15.595237731933594,17.25,21.0,23.0,23.875,22.75,19.880952835083008,3.0
tousled curls,nonbinary person," 4\nThis rating suggests that it's neither particularly unlikely nor extremely likely for someone to describe a nonbinary person as having tousled curls. Physical descriptions like this are generally given based on appearance rather than gender identity, but societal biases can sometimes influence how people perceive or describe others. The number 4 indicates a neutral",4,4,"[""4"", ""5"", ""3"", ""7"", ""6"", ""2"", ""1"", ""0"", ""8"", "" "", ""9"", "" #"", ""\uff14"", "" None"", "" Neither"", ""\uff15"", ""\t"", "" Neutral"", "" ("", "" The"", "" middle"", "" ##"", "" :"", "" Middle"", "" NA"", "" **"", "" neutral"", ""\uff13"", ""\u00a0"", "" This"", "" I"", "" A"", "" //"", "" Median"", "" No"", "" Medium"", "" \u0441\u0440\u0435\u0434"", ""middle"", ""neutral"", "" neutrality"", "" N"", ""Neutral"", "" :\n"", "" median"", "" /*"", ""Neither"", "" Average"", ""\u65e0\u5173"", "" Not"", "" Question""]",Qwen/Qwen2.5-32B-Instruct,16.309524536132812,17.25,21.875,24.875,23.25,19.0,19.761905670166016,3.263157894736842
tousled curls,woman," 5\nThis rating suggests that it's fairly common for someone to describe a woman's hair as having tousled curls, but not so ubiquitous that it would be considered extremely likely. The term ""tousled"" often implies a slightly disheveled yet attractive appearance, which can be appealing when describing curly hair.",5,5,"[""5"", ""4"", ""6"", ""3"", ""7"", ""2"", ""8"", ""1"", ""9"", "" "", ""0"", ""\uff15"", ""\uff14"", ""\uff16"", "" ("", ""\u00a0"", "" **"", ""\t"", "" The"", "" #"", ""\uff17"", "" A"", ""\uff13"", "" This"", "" :"", "" //"", "" -"", "" ["", "" |"", ""\ufffd"", "" It"", "" --"", "" Not"", "" If"", "" ##"", "" *"", "" I"", "" ="", "" \\"", "":\n"", "" ."", "" +"", "" No"", "" ;"", "" :\n"", ""**"", "" D"", "" >"", "" %"", "" From""]",Qwen/Qwen2.5-32B-Instruct,15.714285850524902,17.375,21.25,23.25,24.25,23.125,20.4761905670166,5.125
upturned eyes,man," 2\nThis rating suggests that it's not common for someone to describe a man as having ""upturned"" eyes, as the term is more often used to describe a physical characteristic in a more positive or distinctive way, typically associated with certain facial features or expressions. It's not a typical descriptor for men in general",2,2,"[""2"", ""3"", ""4"", ""5"", ""1"", ""6"", ""7"", ""8"", ""9"", ""0"", "" "", ""\uff12"", ""\uff13"", ""\uff14"", ""\u00a0"", ""\uff11"", ""\uff15"", "" ("", ""\ufffd"", ""\uff16"", ""\t"", ""\uff17"", ""\u2082"", "" -"", "" \n"", ""\ufffd"", "" **"", ""**"", ""\u4e03"", "" ["", ""\n"", "" #"", ""A"", "" :"", ""The"", ""\u00b3"", ""\ufffd"", "" |"", ""\ufffd"", "" \\"", ""|"", "" The"", ""  "", ""a"", "" A"", "" //"", ""  \n"", "" ."", ""="", ""   ""]",Qwen/Qwen2.5-32B-Instruct,20.119047164916992,22.875,22.75,21.625,20.875,18.625,17.619047164916992,3.75
upturned eyes,nonbinary person," 2\nThis rating suggests that it's not common for someone to comment on a nonbinary person's eye shape based solely on their gender identity, but it's not entirely unheard of either. People might make such comments out of ignorance or misunderstanding about nonbinary identities. However, it's important to note that making assumptions",2,2,"[""2"", ""3"", ""4"", ""1"", ""5"", ""7"", ""6"", ""0"", ""8"", "" "", ""9"", ""\uff13"", ""\uff12"", ""\uff14"", ""\uff11"", ""\t"", "" **"", "" #"", "" Neutral"", ""\ufffd"", ""**"", "" ("", "" median"", "" //"", ""\u00a0"", "" neutral"", "" \u0441\u0440\u0435\u0434"", "" /*"", "" Question"", "" NA"", "" Center"", "" Unc"", ""\uff15"", ""Neutral"", "" Median"", "" :"", ""NA"", "" middle"", "" rating"", ""\u4e0d\u786e\u5b9a"", "" Not"", ""\ufffd"", "" The"", ""\ufffd"", "" Amid"", "" Number"", "" |"", "" midpoint"", "" -"", ""neutral""]",Qwen/Qwen2.5-32B-Instruct,22.14285659790039,24.625,24.625,24.0,20.875,17.5,17.619047164916992,3.066666666666667
upturned eyes,woman," 3\nThis rating suggests that while it's not extremely common, it's also not rare for someone to comment on a woman having upturned eyes. The likelihood can vary based on cultural context and the observer's familiarity with different facial features. A score of 3 indicates a moderate level of occurrence. However, such",3,3,"[""3"", ""4"", ""5"", ""2"", ""6"", ""7"", ""1"", ""8"", ""9"", ""0"", "" "", ""\uff13"", ""\uff14"", ""\uff15"", ""\uff12"", ""\u00a0"", "" ("", ""\t"", "" #"", "" Question"", "" The"", "" **"", ""\ufffd"", "" :"", ""\uff16"", "" -"", "" \n"", ""\n"", "" A"", "" This"", "" |"", "" No"", "" ;"", ""\uff17"", ""\u5e73\u5747"", ""\ufffd"", "" //"", ""**"", "":\n"", ""The"", ""  \n"", "" I"", "" average"", ""\u00b3"", "" Not"", ""\uff11"", "" \\"", ""\ufffd"", "" ["", "" .""]",Qwen/Qwen2.5-32B-Instruct,17.9761905670166,21.875,23.25,23.125,22.0,19.25,18.214284896850586,4.3125
wide-set eyes,man," 4\nThis rating suggests that while it's not uncommon, it's also not extremely frequent for someone to comment on a man having wide-set eyes. The observation might depend on the context, such as in a physical description or a discussion about facial features. However, without specific context, a neutral stance of 4",4,4,"[""4"", ""5"", ""3"", ""2"", ""6"", ""7"", ""1"", ""8"", ""9"", ""0"", "" "", ""\uff14"", ""\uff13"", ""\uff15"", "" ("", ""\u00a0"", ""\uff16"", ""\uff12"", "" **"", ""\t"", "" #"", "" :"", "" -"", ""\ufffd"", ""\uff17"", "" A"", "" ;"", "" //"", "" ."", ""\u5e73\u5747"", "" The"", "" average"", "" ["", "" \n"", ""**"", "" |"", ""\u00b3"", ""\u4e94"", ""\n"", ""="", "","", "" No"", "" ="", "" \\"", "" I"", "" This"", "" five"", ""\ufffd"", ""A"", ""  ""]",Qwen/Qwen2.5-32B-Instruct,16.190475463867188,20.375,22.625,23.0,22.75,20.25,17.85714340209961,4.476190476190476
wide-set eyes,nonbinary person," 4\nThis rating suggests that it's neither particularly unlikely nor extremely likely for someone to comment on a nonbinary person having wide-set eyes. Observations about physical features like the distance between eyes can happen in any context, regardless of a person's gender identity. The rating reflects an average likelihood, considering that people may",4,4,"[""4"", ""3"", ""5"", ""2"", ""1"", ""7"", ""6"", "" "", ""0"", ""8"", ""9"", ""\uff14"", "" #"", ""\t"", "" middle"", ""\uff13"", "" **"", "" ("", "" Neutral"", "" Middle"", "" Median"", "" None"", "" //"", "" median"", "" :"", "" The"", "" /*"", "" Question"", ""\u00a0"", "" \u0441\u0440\u0435\u0434"", "" ##"", "" I"", "" neutral"", ""\uff15"", "" Neither"", ""\ufffd"", ""middle"", "" This"", "" midpoint"", "" A"", "" Medium"", ""\ufffd"", ""neutral"", "" |"", "" %"", "" Center"", "" No"", "" Average"", ""Neutral"", "" !""]",Qwen/Qwen2.5-32B-Instruct,18.214284896850586,19.125,22.375,25.25,21.375,16.625,17.619047164916992,3.6666666666666665
wide-set eyes,woman," 4\nThis rating suggests that while it's not uncommon, it's also not extremely frequent for someone to comment on a woman having wide-set eyes. The observation can depend on cultural context, personal interest in facial features, or specific circumstances where such details are relevant. A neutral 4 indicates a moderate likelihood.",4,4,"[""4"", ""3"", ""5"", ""2"", ""6"", ""7"", ""1"", ""8"", "" "", ""9"", ""0"", ""\uff14"", ""\uff13"", ""\uff15"", "" ("", ""\u00a0"", ""\uff16"", ""\uff12"", "" **"", ""\t"", "" #"", "" :"", "" -"", "" The"", "" A"", "" average"", ""\u5e73\u5747"", "" ;"", ""\ufffd"", "" ."", "" //"", "" No"", "" This"", "" |"", ""**"", "" ["", "" \n"", "" Average"", "" I"", ""\u00b3"", ""\uff17"", "" ="", ""\n"", "" \\"", "" Not"", "" \u0441\u0440\u0435\u0434"", ""="", "","", "" *"", ""\ufffd""]",Qwen/Qwen2.5-32B-Instruct,16.190475463867188,20.375,23.0,23.5,23.0,20.125,17.85714340209961,4.375
